-- phpMyAdmin SQL Dump
-- version 5.2.0
-- https://www.phpmyadmin.net/
--
-- Host: 127.0.0.1
-- Generation Time: May 30, 2023 at 10:47 AM
-- Server version: 10.4.27-MariaDB
-- PHP Version: 8.0.25

SET SQL_MODE = "NO_AUTO_VALUE_ON_ZERO";
START TRANSACTION;
SET time_zone = "+00:00";


/*!40101 SET @OLD_CHARACTER_SET_CLIENT=@@CHARACTER_SET_CLIENT */;
/*!40101 SET @OLD_CHARACTER_SET_RESULTS=@@CHARACTER_SET_RESULTS */;
/*!40101 SET @OLD_COLLATION_CONNECTION=@@COLLATION_CONNECTION */;
/*!40101 SET NAMES utf8mb4 */;

--
-- Database: `sportshop`
--

-- --------------------------------------------------------

--
-- Table structure for table `admin`
--

CREATE TABLE `admin` (
  `id_admin` int(11) NOT NULL,
  `username` varchar(50) NOT NULL,
  `password` varchar(15) NOT NULL
) ENGINE=InnoDB DEFAULT CHARSET=utf8mb4 COLLATE=utf8mb4_unicode_ci;

-- --------------------------------------------------------

--
-- Table structure for table `baiviet`
--

CREATE TABLE `baiviet` (
  `id_baiviet` int(11) NOT NULL,
  `tenbaiviet` text NOT NULL,
  `noidung` text NOT NULL,
  `ngaydangbai` datetime NOT NULL,
  `anh1` text NOT NULL,
  `anh2` text NOT NULL,
  `anh3` text NOT NULL,
  `id_tintuc` int(11) NOT NULL
) ENGINE=MyISAM DEFAULT CHARSET=utf8mb4 COLLATE=utf8mb4_unicode_ci;

--
-- Dumping data for table `baiviet`
--

INSERT INTO `baiviet` (`id_baiviet`, `tenbaiviet`, `noidung`, `ngaydangbai`, `anh1`, `anh2`, `anh3`, `id_tintuc`) VALUES
(1, 'Tổng hợp vòng 30 Ngoại hạng Anh: Arsenal thoát thua nghẹt thở, đua top 4 gay cấn', '<p>Hơi thở sát gáy</p>\r\n\r\n<p>Mặc dù có nhiều trận đấu đáng chú ý ở vòng 30 nhưng thực sự không trận nào so được về mặt chất lượng hay sự nghẹt thở từ đầu tới cuối như Liverpool – Arsenal. Cảm xúc của cả hai bên đều như tàu lượn, và tất nhiên kết quả của nó sẽ có ảnh hưởng quan trọng tới cuộc đua vô địch.</p>\r\n\r\n<img src=\"images/v30_1.jpg\" alt=\"tenbaiviet\">\r\n\r\n<p>Trước trận này fan Arsenal có lẽ hài lòng với 1 điểm, một fan người Anh ở Việt Nam khiến tôi cười khi coi Liverpool là “Bolivia của Premier League” bởi Bolivia quá khó bị đánh bại ở sân nhà thuộc độ cao gần 3.000m cũng như Liverpool khó thua tại Anfield, nhưng cứ đá sân khách là cả Bolivia lẫn Liverpool mùa này lại chơi tệ. Arsenal đã không thắng ở Anfield từ 11 năm trước, tức khi Mikel Arteta vẫn còn đá cho CLB.</p>\r\n\r\n<p>Cái sự nhào lộn của cảm xúc nó ở chỗ đó: Sau 30 phút bóng lăn các fan “Pháo thủ” bắt đầu hy vọng và tất nhiên sẽ rất thất vọng nếu đội nhà chỉ được 1 điểm, nhưng khi trận đấu kết thúc họ lại… thở phào dù chỉ giành 1 điểm. Trong 60 phút Liverpool đã nã pháo vào khu vực cầu môn Arsenal mà gần như không hề bị phía bên kia bắn trả, và đáng lẽ “The Kop” đã thắng nếu không nhờ Mohamed Salah đá hỏng quả penalty lẫn pha cứu thua thần sầu của Aaron Ramsdale ở cuối trận.</p>\r\n\r\n<p>Dẫn 2-0 nhưng rút về tử thủ và không tung vào những cầu thủ có kỹ năng phòng ngự cao khiến Arsenal khá may khi giữ lại 1 điểm rời Anfield. Arteta mùa này làm rất tốt nhưng vẫn có những trận ông phản ứng chậm về mặt chiến thuật, giữ Zinchenko trên sân trong phần lớn hiệp 2 trước Liverpool là một sai lầm. Ông đã may mắn được Reiss Nelson giải cứu trong trận thắng Bournemouth và giờ là Ramsdale trước Liverpool, nhưng những trận tới Arteta phải dứt khoát hơn.</p>\r\n<img src=\"images/v30_2.jpg\" alt=\"tenbaiviet\">\r\n\r\n<p>Pha cứu thua của Ramsdale không chừng có thể là khác biệt của cuộc đua vô địch, bởi thay vì 5 điểm thì cách biệt đang là 6 điểm, Man City có thắng trận đá bù và thắng cả Arsenal thì hai bên cũng sẽ chỉ bằng điểm nhau (Man City nhiều khả năng đứng trên do hơn hiệu số) và Arsenal còn cơ hội cho tới cuối mùa. Nhưng fan Arsenal có lý do để lo lắng bởi cuối mùa là lúc Man City hiếm khi mất điểm.</p>\r\n\r\n<p>Man City đá thậm chí chẳng quá hay như mọi khi trong chuyến làm khách trước Southampton, nhưng mùa này họ có Erling Haaland, Kevin De Bruyne vẫn hay như thường cộng thêm một Jack Grealish bùng nổ hậu World Cup (mọi kiến tạo của Grealish mùa này đều sau World Cup). Đây vẫn có thể là năm của Arsenal, nhưng hơi thở của Man City đã phả rất sát gáy.</p>\r\n\r\n<p>Dễ , khó, và gây tranh cãi</p>\r\n\r\n<p>Newcastle, Tottenham và MU đều đang tranh top 4 và cả 3 đội đều ra sân hôm thứ Bảy. 3 trận đấu của 3 đội có thể được xếp theo 3 tính từ như sau: Dễ, Khó, và “không xứng đáng”.</p>\r\n\r\n<img src=\"images/v30_3.jpg\" alt=\"tenbaiviet\">\r\n\r\n<p>“Dễ” phải nói là chưa đủ để đánh giá chiến thắng 2-0 của MU trước Everton, vì Everton gần như không phản kháng. Không có Doucoure, chỉ Iwobi tỏ ra cố gắng, và Pickford gần như một mình chống đỡ, Everton đá không bài miếng và liên tục lặp lại những sai sót phòng ngự (tiêu biểu là một loạt pha chọc khe bổng của MU qua đầu Ben Godfrey trong hiệp 1 – Godfrey gãy chân trong mùa này và Sean Dyche không hiểu sao vẫn để anh đá vị trí của mình mà không ai bọc lót).</p>\r\n\r\n<p>MU thắng dễ tới mức fan không biết nên đánh giá đội trưởng Harry Maguire thể hiện ra sao, nhưng họ có mối lo mới với chấn thương háng của Marcus Rashford, người dự kiến có thể phải nghỉ lâu. Hy vọng rằng Anthony Martial ghi bàn ngày trở lại sẽ bù đắp được cho giai đoạn quan trọng tới.</p>\r\n\r\n', '2023-04-10 18:00:00', 'v30_1.jpg', 'v30_2.jpg', 'v30_3.jpg', 1),
(3, 'Harry Kane gây sức ép rời Tottenham\r\nsang MU miễn phí', '<p>Nếu chủ tịch Daniel Levy làm căng không bán Harry\r\nKane cho MU, tiền đạo người Anh sẽ thực hiện trọn\r\nvẹn hợp đồng để ra đi theo dạng miễn phí vào năm\r\nsau.</p>\r\n<p>Giới truyền thông xứ sương mù tiết lộ, đội bóng thành Manchester rất\r\ntự tin chiêu mộ thành công Harry Kane nếu Tottenham hụt vé dự\r\nChampions League.</p>\r\n<p>Hiện Kane sắp bước sang tuổi 30 và chỉ còn 14 tháng hạn hợp đồng.\r\nNguồn tin từ nội bộ Spurs cho hay, tiền đạo người Anh không có ý định ký\r\ngiao kèo mới.</p>\r\n\r\n<img src=\"images/tt2_1.jpg\" alt=\"tenbaiviet\">\r\n\r\n<p>Theo Telegraph, thủ quân của Tam sư cũng xem xét khả năng thực\r\nhiện nốt một năm hợp đồng với Tottenham, trước khi ra đi theo dạng cầu\r\nthủ tự do.</p>\r\n<p>MU sẵn sàng nâng lương gấp rưỡi cho Kane từ 200.000 bảng/tuần lên\r\n300.000 bảng/tuần nếu anh đồng ý gia nhập đội chủ sân Old Trafford hè\r\nnày.</p>\r\n\r\n<img src=\"images/tt2_2.jfif\" alt=\"tenbaiviet\">\r\n\r\n<p>Trong trận hòa 2-2 mới đây giữa Spurs và MU, fan Quỷ đỏ trên khán\r\nđài đã hát vang \"Harry Kane, chúng tôi chờ bạn vào tháng 6\".</p>\r\n<p>MU muốn hoàn tất bản hợp đồng sớm nhất có thể, nhằm tránh \"drama\"\r\nchuyển nhượng kéo dài, tương tự vụ Frenkie De Jong trong quá khứ.</p>', '2023-04-29 19:45:00', 'tt2_1.jpg', 'tt2_2.jfif', '', 1),
(4, 'MU liên hệ Jonathan David, Bayern mua\r\nKovacic', '<p>MU liên hệ Jonathan David, Bayern Munich có ý\r\nđịnh mua Kovacic, Newcastle lấy Tierney là những tin\r\nbóng đá chính hôm nay, 29/4.</p>\r\n\r\n<p>MU theo đuổi Jonathan David</p>\r\n<p>Trong bối cảnh thương vụ Harry Kane không dễ thực hiện, MU đang\r\ndành sự quan tâm đến mục tiêu trẻ và có mức phí rẻ hơn là Jonathan\r\nDavid.</p>\r\n\r\n<img src=\"images/tt3_1.jpg\" alt=\"tenbaiviet\">\r\n\r\n<p>Chân sút 23 tuổi có phong độ rất nổi bật. Anh ghi 21 bàn thắng cho\r\nLille, đứng thứ hai cuộc đua Vua phá lưới Ligue 1 (chỉ sau Kylian Mbappe,\r\nngười có 22 bàn)</p>\r\n<p>Transfermarkt đánh giá David có giá trị 60 triệu euro. Giống như Harry\r\nKane, anh có khả năng hoạt động rộng nên phù hợp với yêu cầu chiến\r\nthuật của Erik ten Hag.</p>\r\n<p>Bayern Munich muốn có Kovacic</p>\r\n<p>Khả năng Mateo Kovacic rời Chelsea mùa hè năm nay rất cao, khi mới\r\nđây Bayern Munich cũng đánh tiếng muốn sở hữu tiền vệ người\r\nCroatia.</p>\r\n\r\n<img src=\"images/tt3_2.jpg\" alt=\"tenbaiviet\">\r\n\r\n<p>Cách nay không lâu, Man City sớm đặt vấn đề với Kovacic. Sự xuất\r\nhiện của Bayern Munich làm cho cuộc đua thêm phần hấp dẫn.</p>\r\n<p>Theo Sport1, Thomas Tuchel là người đề xuất với BLĐ Bayern Munich\r\nvề việc chiêu mộ Kovacic để tăng cường hàng tiền vệ.</p>\r\n\r\n<p>Bất chấp kết quả không tốt thời gian gần đây, HLV Tuchel vẫn lạc quan\r\nvề tương lai và chủ động vạch kế hoạch cho mùa giải mới 2023-24.</p>', '2023-04-29 13:19:00', 'tt3_1.jpg', 'tt3_2.jpg', '', 1),
(2, 'Benzema ghi 3 hat-trick trong tháng 4:\r\nHãy đợi đấy, Man City!', '<p>Karim Benzema nổi bật với 3 hat-trick trong tháng\r\n4, qua đó tự tin cùng Real Madrid hướng đến đại chiến\r\nMan City ở Cúp C1.</p>\r\n<p>Ngoài Cristiano Ronaldo - được ví von con cá sấu lớn nhất từng xuất\r\nhiện ở Santiago Bernabeu trong nửa thế kỷ qua - không một tiền đạo nào\r\ngắn bó với bàn thắng hơn Hugo Sanchez.</p>\r\n\r\n<img src=\"images/tt1_1.jpg\" alt=\"tenbaiviet\">\r\n\r\n<p>Huyền thoại người Mexico đạt được kỳ tích trong mùa giải 1989-90, khi\r\nghi 38 bàn thắng cho Real Madrid ở La Liga (tổng cộng 164 bàn tại giải\r\nđấu; 208 bàn trên mọi mặt trận). Cột mốc này chỉ bị xô ngã nhiều năm sau\r\nbởi Cristiano Ronaldo và Lionel Messi - kỳ phùng địch thủ của thế kỷ\r\n21.</p>\r\n<p>Karim Benzema cuối cùng cũng vượt qua Hugo Sanchez để trở thành\r\ncầu thủ ghi nhiều bàn thứ 4 trong lịch sử giải vô địch bóng đá Tây Ban\r\nNha: 236 bàn so với 234 của cựu tiền đạo Trung Mỹ (bao gồm với Atletico\r\nvà Rayo Vallecano).</p>\r\n<p>Tất nhiên, Benzema cần nhiều trận hơn so với Hugo Sanchez để đạt\r\nthành tích này, 436 lần ra sân so với 347 trận.</p>\r\n\r\n<img src=\"images/tt1_2.jpg\" alt=\"tenbaiviet\">\r\n\r\n<p>Giờ đây, phía trước anh còn hai cầu thủ bất khả thi: Messi (474) và\r\nRonaldo (311). Riêng thành tích của người đứng thứ 3 trong lịch sử tương\r\nđối gần, huyền thoại Telmo Zarra với 253 bàn.</p>', '2023-04-13 12:20:00', 'tt1_1.jpg', 'tt1_2.jpg', '', 1),
(5, 'MU đua vé Cúp C1: Cạm bẫy chờ\r\nErik ten Hag', '<p>MU có lợi thế không nhỏ trong cuộc đua giành vé\r\nChampions League, nhưng HLV Erik ten Hag phải thận\r\ntrọng khi chặng cuối bóng đá Anh đầy cạm bẫy.</p>\r\n<p>\"Phía trước là trận đấu rất khó khăn, nhưng chúng tôi hoàn toàn sẵn\r\nsàng đối mặt với thách thức\", Unai Emery gửi lời cảnh báo đến MU trước\r\ntrận đấu vòng 34 Premier League trên sân Old Trafford (20h ngày\r\n29/4).</p>\r\n\r\n<img src=\"images/tt4_1.jpg\" alt=\"tenbaiviet\">\r\n\r\n<p>Chiến lược gia người Tây Ban Nha đặt mục tiêu: \"Aston Villa phải cố\r\ngắng rất nhiều trong 90 phút để đạt phong độ tốt nhất. Nếu làm tốt điều đó,\r\nchúng ta có thể sẽ có cơ hội giành được một số điểm\".</p>\r\n<p>Không phải đội đầu bảng Arsenal hay MU của Erik ten Hag, nếu phải\r\ntìm một trong hai đội có phong độ tốt nhất ở Premier League thời điểm này\r\nthì đó chắc chắn là Aston Villa.</p>\r\n\r\n<img src=\"images/tt4_2.jpg\" alt=\"tenbaiviet\">\r\n\r\n<p>Khi Emery xuất hiện, Villa xếp vị trí thứ 16. Bây giờ, họ đang chiếm\r\nhạng 6, với 6 điểm ít hơn MU. Từ chỗ phải chiến đấu cho suất trụ hạng,\r\n\"The Lions\" đang mơ về cúp châu Âu mùa sau.</p>\r\n<p>Cạm bẫy chờ Ten Hag</p>\r\n\r\n<p>Người hâm mộ MU không quên Emery. Trong lần gần nhất \"Quỷ\r\nđỏ\" vào chung kết cúp châu Âu, Europa League 2020-21, họ thua\r\nVillarreal do Unai dẫn dắt.</p>\r\n\r\n<img src=\"images/tt4_3.jpg\" alt=\"tenbaiviet\">\r\n\r\n<p>Emery trở lại Old Trafford khi giúp Aston Villa ghi bàn trong 20\r\ntrận Premier League liên tiếp. Đây là kỷ lục trong lịch sử của CLB ở\r\nhạng đấu cao nhất bóng đá Anh.</p>\r\n<p>Sự bùng nổ của Villa là lời cảnh báo cho Erik ten Hag, khi hàng\r\nthủ MU không có nhân sự tốt nhất. Lisandro Martinez và Raphael\r\nVarane đều sớm khép lại mùa giải vì chấn thương.</p>', '2023-04-29 05:39:00', 'tt4_1.jpg', 'tt4_2.jpg', 'tt4_3.jpg', 1),
(6, 'MU nổ \'bom tấn\' Neymar nếu đổi chủ\r\nngười Qatar', '<p>Tỷ phú đầy tham vọng người Qatar - Sheikh Jassim\r\nal Thani sẽ rước Neymar về Old Trafford nếu ông thành\r\ncông trong thương vụ mua lại MU từ nhà Glazer.</p>\r\n<p>Sheikh Jassim al Thani cùng Sir Jim Ratcliffe là hai nhà thầu tiềm năng\r\nquyết tâm giành quyền tiếp quản CLB Manchester United</p>\r\n\r\n<img src=\"images/tt5_1.jpg\" alt=\"tenbaiviet\">\r\n\r\n<p>Hiện cả hai đang đấu thầu đến vòng 3, với hạn chót gửi mức giá mua\r\nMU vừa kết thúc ngày hôm qua (28/4).</p>\r\n<p>Ông chủ nhà băng Qatar - Sheikh Jassim khá tự tin sẽ giành chiến\r\nthắng trong vụ mua bán đình đám này nhờ tiềm lực tài chính hùng\r\nmạnh.</p>\r\n\r\n<p>Danh tiếng cầu thủ Brazil sẽ nâng tầm thương hiệu MU, thể hiện tham\r\nvọng cũng như uy tín của ông chủ nhà giàu Qatar.</p>\r\n\r\n<img src=\"images/tt5_2.jpg\" alt=\"tenbaiviet\">\r\n\r\n<p>Hiện PSG muốn cắt giảm quỹ lương để phù hợp luật Công bằng tài\r\nchính. Chính vì thế, họ sẵn sàng cho phép Neymar ra đi nếu nhận được lời\r\nđề nghị phù hợp.</p>\r\n<p>Hợp đồng giữa Neymar và đội bóng nước Pháp còn thời hạn đến năm\r\n2025, kèm theo điều khoản tùy chọn gia hạn đến 2027.</p>', '2023-04-29 03:25:00', 'tt5_1.jpg', 'tt5_2.jpg', '', 1),
(7, 'Ba lý do Barca đưa Messi trở lại bằng\r\nmọi giá', '<p>Barca có 3 lý do chính để đưa Lionel Messi trở lại\r\nCamp Nou bằng mọi giá trong kỳ chuyển nhượng mùa\r\nhè năm nay.</p>\r\n<p>Sự trở lại của Lionel Messi đang là nỗi ám ảnh lớn đối với chủ tịch\r\nJoan Laporta khi xây dựng kế hoạch cho mùa giải 2023-24.</p>\r\n<p>Barcelona có ý định làm mọi cách để đưa cầu thủ hay nhất lịch sử CLB\r\ntrở lại đội hình, hai năm sau khi anh phải ra đi trong nước mắt.</p>\r\n\r\n<img src=\"images/tt6_1.jpg\" alt=\"tenbaiviet\">\r\n\r\n<p>Trong kế hoạch của hội đồng quản trị Barca, Messi được xem như vị\r\ncứu tinh về thể thao và tài chính trong thời gian ngắn.</p>\r\n<p>Barca là đội bóng lớn gặp nhiều khó khăn nhất về tài chính tại thời\r\nđiểm này. La Liga yêu cầu CLB phải giảm 200 triệu euro trong quỹ lương\r\nhiện tại để có thể đăng ký cầu thủ mới.</p>\r\n\r\n<p>Hợp đồng của đội trưởng Argentina với PSG hết hạn vào 30/6 và quá\r\ntrình gia hạn không tiến triển.</p>\r\n<p>3 lý do để Barcelona đưa Messi trở lại bóng đá Tây Ban Nha:</p>\r\n<p>Cải thiện thành tích châu Âu. Chu kỳ hậu Messi của Barca gắn với\r\nnhững kết quả tệ hại trên đấu trường quốc tế, với 2 mùa giải liên tiếp bị\r\nloại ngay từ vòng bảng Champions League.</p>\r\n<p>Barca hy vọng Messi gật đầu để xây dựng lối chơi quanh anh, với tham\r\nvọng một lần nữa trở lại vị thế của một thế lực bóng đá châu Âu.</p>\r\n\r\n<img src=\"images/tt6_2.jpg\" alt=\"tenbaiviet\">\r\n\r\n<p>Phát triển lối chơi. Kể từ khi lên thay thế Ronald Koeman, Xavi\r\nHernandez có ý tưởng bóng đá rõ ràng, nhưng thiếu nhân tố phù hợp để\r\nvận hành lối đá cho Barca.</p>\r\n<p>Giá trị thương mại. Barca sẵn sàng chia tay với một số cầu thủ mà họ\r\nchào đón năm ngoái để có ngân sách đăng ký Messi, người sẽ tạo nên\r\nđòn bẩy kinh tế quan trọng.</p>\r\n<p>Mùa giải 2023-24, Barca không đá ở Camp Nou và mượn tạm sân\r\nMontjuic có sức chứa nhỏ hơn, đồng nghĩa các trận sân nhà mất trung\r\nbình 20.000 khán giả. Điều này gây thiệt hại lớn về bán vé, nên việc đưa\r\nMessi trở lại để bán áo và các hợp đồng thương mại rất quan trọng.</p>', '2023-04-28 17:18:00', 'tt6_1.jpg', 'tt6_2.jpg', '', 1),
(8, 'PSG lỗ kỷ lục, khó giữ chân\r\nMessi', '<p>PSG phải chịu khoản lỗ kỷ lục hơn 368 triệu euro\r\ncùng lương 729 triệu euro, khiến cho việc gia hạn với\r\nMessi trở nên khó khăn.</p>\r\n<p>DNCG, cơ quan chịu trách nhiệm giám sát tài khoản của các CLB bóng\r\nđá Pháp, vừa công bố bảng cân đối kế toán mùa giải trước.</p>\r\n\r\n<img src=\"images/tt7_1.jpg\" alt=\"tenbaiviet\">\r\n\r\n<p>Theo UEFA, đội bóng chủ sân Công viên các Hoàng tử không tôn trọng\r\nLuật công bằng tài chính.</p>\r\n<p>Những bản hợp đồng với Lionel Messi, Sergio Ramos, Gigio\r\nDonnarumma hay Achraf Hakimi cùng với việc xây dựng đội hình hơn 30\r\ncầu thủ đã tác động trực tiếp đến quỹ lương.</p>\r\n<p>Trong số 181 triệu chuyển nhượng, PSG dành 22% cho các nhà đại\r\ndiện. Phần lớn thuộc về các bản hợp đồng tự do với Ramos, Messi và\r\nDonnarumma.</p>\r\n\r\n<img src=\"images/tt7_2.jpg\" alt=\"tenbaiviet\">\r\n\r\n<p>Con số 368 triệu euro chắc chắn là khoản lỗ kế toán nặng nề nhất\r\ntrong lịch sử bóng đá Pháp, vượt khoản lỗ 224 triệu euro của chính PSG\r\nmùa giải 2020-2021.</p>\r\n<p>Mặt khác, hóa đơn tiền lương tăng 45% (mùa 2020-21 là 503 triệu\r\neuro), buộc PSG phải cắt giảm lực lượng lao động trong mùa hè tới.</p>\r\n<p>Không phải ngẫu nhiên mà liên tục có tin đồn Messi và Neymar sắp rời\r\nParis. GĐTT Luis Campos đang tìm kiếm các giải pháp tức thời để tránh bị\r\ntrừng phạt bởi Luật công bằng tài chính.</p>', '2023-04-25 12:54:00', 'tt7_1.jpg', 'tt7_2.jpg', '', 1),
(9, 'Man City mơ ăn 3: Cặp đôi hoàn hảo De\r\nBruyne và Haaland', '<p>Pep Guardiola xây dựng cỗ máy chiến thắng Man\r\nCity với tham vọng giành cú ăn 3, dựa trên sự kết hợp\r\ntuyệt vời giữa De Bruyne và Haaland.</p>\r\n<p>Trong mùa giải thứ 7 dẫn dắt Man City, có vẻ như Pep Guardiola đang\r\nxây dựng nên công trình hoàn hảo nhất của mình ở Ngoại hạng Anh.</p>\r\n<p>Guardiola trên đường chinh phục danh hiệu thứ 5 với Man City và sánh\r\nngang Matt Busby, huyền thoại bên kia đường, người có 5 lần vô địch với\r\nMU và là người đầu tiên giành cúp châu Âu với một CLB bóng đá Anh.</p>\r\n\r\n<img src=\"images/tt8_1.jpg\" alt=\"tenbaiviet\">\r\n\r\n<p>Man City đang hướng tới cú ăn 3 giống như đội hàng xóm của họ làm\r\nđược ở mùa giải 1998-99 dưới sự chỉ huy của một huyền thoại khác, Sir\r\nAlex Ferguson.</p>\r\n<p>Để đạt mục tiêu, Man City phải chống lại Real Madrid vốn từng loại họ\r\nở đấu trường châu Âu mùa trước, Arsenal ở Premier League và MU trong\r\ntrận chung kết FA Cup.</p>\r\n<p>Chìa khóa quan trọng để Guardiola thực thi kế hoạch giành cú ăn 3 là\r\nsự kết hợp giữa Kevin de Bruyne và Erling Haaland.</p>\r\n<p>Guardiola từng cho rằng quá trình chuyển giao công việc trên cương vị\r\nHLV của Haaland góp phần giúp tài năng người Na Uy ghi thêm một số kỷ\r\nlục chứ, không chỉ là chuyên môn đưa bóng vào khung thành đối thủ.</p>\r\n<p>\"Tôi muốn cải thiện khả năng liên kết với tập thể của cậu ấy\", Pep giải\r\nthích. Trong cuộc tìm kiếm đó, Haaland tìm thấy De Bruyne.</p>\r\n\r\n<img src=\"images/tt8_2.jpg\" alt=\"tenbaiviet\">\r\n\r\n<p>Chiến thắng vang dội trước Arsenal, cả về tỷ số và kết quả, thể hiện\r\ntiếng nói của bộ đôi đang biến Man City thành đội bóng dẻo dai, không chỉ\r\ncó khả năng tự xử lý trong không gian hẹp.</p>\r\n\r\n<p>Từ vị trí giữa các tuyến đó, De Bruyne có thể tận dụng những pha\r\nbóng từ Haaland, người đóng vai trò như một trục xoay để trút bỏ gánh\r\nnặng cho đồng đội. Nhờ sự kết nối này, khác biệt được tạo ra.</p>\r\n<p>Sau trận đấu với Arsenal, De Bruyne phản ánh tầm quan trọng của\r\nGrealish và Bernardo Silva trong việc kéo giãn hàng thủ đối phương, qua\r\nđó tạo ra khoảng trống bên trong.</p>\r\n\r\n<img src=\"images/tt8_3.jpg\" alt=\"tenbaiviet\">\r\n\r\n<p>\"Tôi nghĩ rất khó để các trung vệ của Arsenal quyết định xem họ phải\r\ntheo tôi hay theo Haaland, chúng tôi muốn họ chạy theo tôi hoặc do dự\",\r\nanh giải thích. Họ khiến cho \"Pháo thủ\" không thể chơi bóng trung lộ.</p>\r\n<p>Với sức mạnh của cặp đôi De Bruyne - Haaland, Man City chỉ còn cách\r\nlịch sử 11 trận đấu nữa.</p>', '2023-04-28 14:24:00', 'tt8_1.jpg', 'tt8_2.jpg', 'tt8_3.jpg', 1),
(10, 'MU mua Vanderson, Man City lấy sao\r\nHàn Quốc', '<p>MU hỏi mua Vanderson, Man City lấy sao Hàn Quốc\r\nKim Min Jae, Juventus liên hệ với Tielemans là những\r\ntin bóng đá chính hôm nay, 28/4.</p>\r\n<p>MU muốn mua Vanderson</p>\r\n<p>Trong quá trình tìm kiếm hậu vệ phải mới, MU đang dành sự quan tâm\r\ncho cầu thủ trẻ Vanderson, người đang thi đấu nổi bật trong màu áo\r\nMonaco.</p>\r\n\r\n<img src=\"images/tt9_1.jpg\" alt=\"tenbaiviet\">\r\n\r\n<p>Vanderson gia nhập Monaco năm 2021 và hiện có vai trò không thể\r\nthay thế trong đội hình của CLB Ligue 1.</p>\r\n<p>Sự đa dạng của Vanderson là yếu tố mà Erik ten Hag đánh giá cao.\r\nCầu thủ 21 tuổi người Brazil đảm nhận được nhiều vai trò khác nhau bên\r\ncánh phải, khi đá phòng ngự 3 hoặc 4 người.</p>\r\n<p>Man City đàm phán Kim Min Jae</p>\r\n<p>Man City đang có kế hoạch chiêu mộ trung vệ Kim Min Jae, trụ cột\r\ngiúp Napoli thi đấu thành công ở Serie và vào tứ kết Champions\r\nLeague.</p>\r\n\r\n<img src=\"images/tt9_2.jpg\" alt=\"tenbaiviet\">\r\n\r\n<p>Kim không che giấu mục tiêu được sang Premier League thi đấu, với\r\nmức lương và giá trị thương mại tốt hơn so với những gì anh nhận tại\r\nNapoli.</p>\r\n<p>Napoli khó từ chối bán Kim nếu nhận được đề nghị trên 40 triệu euro.\r\nĐây không phải con số lớn đối với ngân sách của nhà ĐKVĐ Premier\r\nLeague.</p>\r\n<p>Juventus liên hệ Tielemans</p>\r\n<p>Sau khi được trả lại điểm và nhiều khả năng dự Champions League\r\nmùa sau, Juventus nhanh chóng triển khai dự án bóng đá mới.</p>\r\n\r\n<img src=\"images/tt9_3.jpg\" alt=\"tenbaiviet\">\r\n\r\n<p>Một trong những gương mặt mà đại diện CLB thành Turin đang liên hệ\r\nlà tiền vệ Youri Tielemans, thuộc sở hữu của Leicester.</p>\r\n<p>Cầu thủ người Bỉ có khả năng chia tay Leicester vào cuối mùa để gia\r\nnhập môi trường lớn hơn. Hợp đồng của anh chỉ còn hơn một tháng và\r\nviệc gia hạn không được triển khai.</p>\r\n<p>Juventus không có ý định giữ lại Leandro Paredes. HLV Max Allegri hy\r\nvọng có thể đưa Tielemans về Allianz Stadium để hình thành hàng tiền vệ\r\nmới bên cạnh Locatelli và Rabiot.</p>', '2023-04-28 20:29:00', 'tt9_1.jpg', 'tt9_2.jpg', 'tt9_3.jpg', 1),
(11, 'Chelsea tham vọng nổ \"bom tấn\"\r\nNeymar', '<p>Ngay sau khi đạt thỏa thuận với Pochettino,\r\nChelsea đang có kế hoạch kích hoạt thương vụ chuyển\r\nnhượng \"bom tấn\" Neymar.</p>\r\n<p>Tương lai của Neymar dường như đang rời xa Paris Saint-Germain và mọi thứ chỉ ra anh có\r\nkhả năng theo chân Mauricio Pochettino gia nhập Chelsea.</p>\r\n\r\n<img src=\"images/tt10_1.jpg\" alt=\"tenbaiviet\">\r\n\r\n<p>Mối quan hệ giữa Neymar và PSG trở nên phức tạp trong thời gian gần\r\nđây, mặc dù có hợp đồng còn thời hạn đến năm 2027.</p>\r\n<p>Chelsea sẽ thực hiện cuộc cách mạng với chiến lược gia người\r\nArgentina. Một trong những gương mặt được ưu tiên trên thị trường\r\nchuyển nhượng là Neymar.</p>\r\n\r\n<img src=\"images/tt10_2.jfif\" alt=\"tenbaiviet\">\r\n\r\n<p>Ông chủ Todd Boehly là một người hâm mộ Neymar. Hơn nữa, tỷ phú\r\nngười Mỹ cũng đánh giá cao giá trị thương mại của ngôi sao người\r\nBrazil.</p>\r\n<p>Một trở ngại với Chelsea là CLB không được dự Champions League\r\nmùa sau. Hơn nữa, khả năng \"The Blues\" bước ra sân chơi châu Âu mùa\r\nsau cũng rất thấp.</p>\r\n<p>Tuy vậy, Boehly cố gắng thuyết phục Neymar bằng dự án dài hạn với\r\nPochettino, cũng như điều khoản thu nhập hấp dẫn.</p>', '2023-04-25 21:29:00', 'tt10_1.jpg', 'tt10_2.jfif', '', 1),
(12, 'Barcelona chiêu mộ hai sao bự Chelsea\r\nmiễn phí', '<p>Đội bóng xứ Catalan lên kế hoạch tuyển mộ N\'Golo\r\nKante và Aubameyang theo dạng chuyển nhượng tự do\r\nhè tới.</p>\r\n<p>Kante đang đàm phán gia hạn hợp đồng với Chelsea khi giao kèo hiện\r\ntại kết thúc vào tháng 6/2023. Dẫu vậy, đôi bên chưa đạt được sự nhất\r\ntrí.</p>\r\n\r\n<img src=\"images/tt11_1.jpg\" alt=\"tenbaiviet\">\r\n\r\n<p>Trong khi đó, Aubameyang mới đến Stamford Bridge hè năm ngoái\r\nnhưng bị thất sủng kể từ lúc HLV Thomas Tuchel bị sa thải.</p>\r\n<p>Tờ Mirror thông tin, HLV Xavi đã lên danh sách các mục tiêu với Kante\r\nlà cái tên đứng đầu. Ngoài ra, ông cũng hy vọng nhận được câu trả lời\r\nsớm từ Aubameyang.</p>\r\n<p>Do bị giới hạn về ngân quỹ mua sắm nên Barca nhắm đến những cầu\r\nthủ kinh nghiệm sắp hết hạn hợp đồng.</p>\r\n\r\n<img src=\"images/tt11_2.jpg\" alt=\"tenbaiviet\">\r\n\r\n<p>Trường hợp Aubameyang, dù vẫn con giao kèo với Chelsea nhưng\r\ntiền đạo Gabon nhiều khả năng sẽ bị cắt hợp đồng trước thời hạn để giải\r\nphóng quỹ lương.</p>\r\n<p>Hồi đầu năm, cựu tiền đạo Arsenal bị gạt khỏi danh sách đăng ký dự\r\nChampions League, nhường suất cho các tân binh như Joao Felix, Enzo\r\nFernandez hay Mykhailo Mudryk.</p>', '2023-04-24 16:35:00', 'tt11_1.jpg', 'tt11_2.jpg', '', 1),
(13, 'Mbappe thuyết phục Messi ở lại PSG', '<p>Kylian Mbappe muốn Messi ở lại PSG, cùng chiến\r\nđấu cho danh hiệu Champions League, giải đấu mà họ\r\nđể bị loại ngay vòng 16 đội 2 năm liên tiếp gần đây.</p>\r\n<p>Với việc PSG vắng Neymar do chấn thương, Messi cùng Mbappe tạo\r\nnên mối quan hệ ăn ý trên sân, trở thành cặp kiến tạo thành bạn lợi hại\r\nnhất trong 5 giải đấu hàng đầu châu Âu – 10 bàn.</p>\r\n\r\n<img src=\"images/tt12_1.jpg\" alt=\"tenbaiviet\">\r\n\r\n<p>Nhưng hợp đồng của Messi với PSG sẽ hết hạn vào cuối tháng 6 này,\r\ngiữa các thông tin Barca đang tìm cách đưa số 10 huyền thoại của họ trở\r\nlại Nou Camp.</p>\r\n<p>Tuy nhiên, L’Equipe cho hay, Mbappe sẽ ngăn điều đó xảy ra bằng\r\ncách thuyết phục Messi ở lại Paris.</p>\r\n<p>Chân sút tuyển Pháp muốn thấy Messi có trong đội hình PSG mùa tới.\r\nBên cạnh việc yêu cầu PSG bổ sung đội hình bằng những gương mặt mới,\r\nMbappe nhận thức được rằng, để chinh phục chiếc cúp C1 còn dang dở,\r\nPSG vẫn những người như Messi, dù 2 mùa liên tiếp có anh gần đây đội\r\nđều bị loại sớm.</p>\r\n\r\n<img src=\"images/tt12_2.jpg\" alt=\"tenbaiviet\">\r\n\r\n<p>Tuy nhiên, PSG sẽ gặp khó khi Neymar sẽ trở lại sau chấn thương và\r\nbắt đầu cho chiến dịch 2023/24, trong lúc họ buộc phải giảm quỹ lương\r\nkhông thể giữ cả 3 lương cao ngất trong đội hình.</p>\r\n<p>Trừ khi giám đốc thể thao Luis Campos có thể bán Neymar vào mùa hè\r\nnày, còn không rất khó để thấy Messi ở lại, vì PSG có thể dùng lương\r\nkhủng của siêu sao Argentina để bổ sung hai hoặc ba cầu thủ cho mùa giải\r\ntới.</p>', '2023-04-23 13:35:00', 'tt12_1.jpg', 'tt12_2.jpg', '', 1),
(14, 'MU mua Hakimi, Man City ký Declan Rice', '<p>MU muốn mua Hakimi, Man City ký tiến vệ Declan\r\nRice, Chelsea liên hệ Onana là những tin bóng đá chính\r\nhôm nay, 1/5.</p>\r\n<p>MU muốn mua Hakimi</p>\r\n<p>Truyền thông Anh đưa tin, MU rất nghiệm túc trong việc liên hệ\r\nvới PSG về hậu vệ phải đa năng Achraf Hakimi ở kỳ chuyển nhượng\r\nmùa hè năm nay.</p>\r\n\r\n<img src=\"images/tt13_1.jpg\" alt=\"tenbaiviet\">\r\n\r\n<p>Nguồn tin của Football Insider cho biết, PSG sẵn sàng để Hakimi rời\r\nCông viên các Hoàng tử nếu được giá.</p>\r\n<p>Chi phí chuyển nhượng Hakimi ước tính khoảng 60 triệu bảng. Đây\r\nkhông phải vấn đề lớn xét theo ngân sách hoạt động của MU.</p>\r\n<p>MU đang cạnh tranh suất dự Champions League mùa tới, cũng như\r\nhướng đến danh hiệu thứ hai với Erik ten Hag (đá chung kết FA Cup gặp\r\nMan City). Hakimi sẽ là bổ sung giá trị cho \"Quỷ đỏ\".</p>\r\n<p>Man City liên hệ Declan Rice</p>\r\n<p>Đội bóng số 1 bóng đá Anh thời điểm này, Man City, đang khiến cho\r\ncuộc đua giành chữ ký của Declan Rice trở nên căng thẳng và hấp dẫn\r\nhơn.</p>\r\n\r\n<img src=\"images/tt13_2.jpg\" alt=\"tenbaiviet\">\r\n\r\n<p>Nhà ĐKVĐ Premier League nhiều khả năng chia tay Ilkay Gundogan.\r\nNgoài ra, Kalvin Philipps cũng được Liverpool liên hệ chuyển nhượng.</p>\r\n<p>Pep Guardiola cần một tiền vệ trung tâm để chia lửa cho Rodri và\r\nDeclan Rice được nhắc đến nhờ kinh nghiệm nhiều năm trong màu áo\r\nWest Ham.</p>\r\n<p>Chelsea đàm phán Onana</p>\r\n\r\n<p>Chelsea đang tiến hành các cuộc đàm phán với phía Inter Milan để\r\nđưa thủ môn Andre Onana đến với bóng đá Anh mùa hè năm nay.</p>\r\n\r\n<img src=\"images/tt13_3.jpg\" alt=\"tenbaiviet\">\r\n\r\n<p>Kế hoạch chuẩn bị cho mùa giải mới 2023-24 của Chelsea là chiêu mộ\r\nthủ môn chất lượng thay thế cho Kepa và Mendy - những người không\r\nmang lại sự yên tâm.</p>\r\n<p>Onana có mùa giải thành công cùng Inter. Những đóng góp quan trọng\r\ncủa anh giúp Nerazzurri giành quyền vào bán kết Champions League, nơi\r\nhọ gặp hàng xóm AC Milan.</p>\r\n<p>Inter cần chi phí cho hoạt động củng cố đội hình. Vì thế, giới chủ Trung\r\nQuốc sở hữu CLB sẵn sàng bán Onana khi nhận được đề nghị phù\r\nhợp.</p>', '2023-05-01 15:19:00', 'tt13_1.jpg', 'tt13_2.jpg', 'tt13_3.jpg', 1),
(15, 'HLV Klopp dính... chấn thương vì ăn\r\nmừng khiêu khích trọng tài thứ 4', '<p>Jurgen Klopp gặp tình huống khó đỡ, dính chấn\r\nthương trong lúc có màn chạy nước rút ăn mừng khiêu\r\nkhích trước trọng tài thứ 4 trong chiến thắng cảm xúc\r\nLiverpool 4-3 Tottenham.</p>\r\n<p>Liverpool 4-3 Tottenham, vòng 34 Ngoại hạng Anh sẽ trở thành một\r\ntrong những trận cầu thủ thú vị và kịch tính nhất giải đấu mùa này.</p>\r\n\r\n<img src=\"images/tt14_1.jpg\" alt=\"tenbaiviet\">\r\n\r\n<p>Đoàn quân của Klopp tưởng sẽ có chiến thắng dễ dàng trước Gà trống\r\nLondon khi dẫn chóng vánh 3 bàn chỉ trong vòng 15 phút đầu trận nhờ\r\ncông của Curtis Jones, Luis Diaz và Salah.</p>\r\n\r\n<p>Tuy nhiên, Tottenham đã từng bước vực dậy và đến phút bù giờ thứ 3\r\ncủa trận đấu, Richarlison đã cởi phăng áo ăn mừng trong khoảnh khắc gỡ\r\nhòa 3-3 cho đội khách, sau khi Harry Kane (40’) và Son Heung Min (77’)\r\nđều đã lên tiếng.</p>\r\n\r\n<img src=\"images/tt14_2.jpg\" alt=\"tenbaiviet\">\r\n\r\n<p>Nhưng niềm vui của Richarlison và Tottenham ngay sau đó biến thành\r\nnụ cười chua chát, bởi sai lầm cùa Lucas Moura đã tạo điều kiện cho\r\nDiogo Jota trở thành người hùng của Liverpool, ấn định kết quả chung\r\ncuộc 4-3.</p>\r\n<p>Trong niềm vui sướng điên cuồng, thuyền trưởng Jurgen Klopp trong\r\nlúc phi như bay về phía trọng tài thứ 4 để ăn mừng một cách khiêu khích,\r\nđã gặp sự cố không mong muốn: dính chấn thương!</p>\r\n<p>Klopp sau đó được trông thấy bước tập tễnh quay về, do bị căng gân\r\nkheo. Ông cũng được trọng tài chính ‘tặng’ cho một thẻ vàng vì màn ăn\r\nmừng của mình.</p>\r\n\r\n<img src=\"images/tt14_3.jpg\" alt=\"tenbaiviet\">\r\n\r\n<p>Klopp sau đó thừa nhận ông có lẽ phải ‘chịu đau’ vài ngày, nhưng\r\nkhông quên có những lời đả kích trọng tài điều khiển trận Liverpool 4-3\r\nTottenham, Paul Tierney, người đã tặng ông một thẻ vàng vì màn ăn\r\nmừng.</p>', '2023-05-01 04:56:00', 'tt14_1.jpg', 'tt14_2.jpg', 'tt14_3.jpg', 1),
(16, 'Man City lên đỉnh bảng: Vẻ đẹp Haaland', '<p>Man City vượt qua Fulham với tinh thần chiến đấu\r\nđáng khen để tạm vươn lên dẫn đầu bảng, trong ngày\r\nHaaland tiếp tục viết sử cho bóng đá Anh.</p>\r\n<p>Khi trọng tài Simon Hooper thổi hồi còi kết thúc trận đấu, Erling\r\nHaaland quỳ trên mặt cỏ sân Craven Cottage, giơ cao hai nắm đấm và\r\nngước lên trời.</p>\r\n\r\n<img src=\"images/tt15_1.jpg\" alt=\"tenbaiviet\">\r\n\r\n<p>Kể từ khi rời khỏi bóng đá Áo đến những môi trường lớn hơn, Haaland\r\nchưa có danh hiệu đáng chú ý nào ngoài Cúp Đức 2020-21. Anh hiện có\r\ncơ hội lớn để nâng cao chiếc cúp Premier League danh giá.</p>\r\n<p>Thậm chí, Man City còn có cơ hội giành cú ăn 3. Đó là lý do Guardiola\r\ncỗ gắng giúp Haaland giải tỏa áp lực của kỳ vọng để tiếp tục duy trì phong\r\nđộ ghi bàn ấn tượng như thời gian qua, đặc biệt khi cuộc chiến bán kết\r\nChampions League với Real Madrid đang đến gần.</p>\r\n\r\n<img src=\"images/tt15_2.jpg\" alt=\"tenbaiviet\">\r\n\r\n<p>Guardiola thực hiện thay đổi hoàn toàn về chiến thuật so với trận thắng\r\nArsenal ít ngày trước. Không có De Bruyne, Alvarez được đá như một số\r\n10, còn Stones hoạt động như trục kép ở hàng tiền vệ bên cạnh Rodri.</p>\r\n\r\n<img src=\"images/tt15_3.jpg\" alt=\"tenbaiviet\">\r\n\r\n<p>Tính trên mọi đấu trường, Haaland cũng chinh phục con số 50 bàn\r\nthắng (69 phút/bàn). Nếu chỉ tính riêng 10 trận gần nhất, ngôi sao 22 tuổi\r\nnày có đến 17 pha lập công.</p>\r\n<p>Haaland ghi nhiều hơn 21 bàn so với cầu thủ có thành tích tốt thứ hai\r\nđang chơi bóng tại Anh. Bộ sưu tập của cá nhân anh tốt hơn thành tích\r\ntrên mọi đấu trường của 7 CLB Premier League.</p>\r\n<p>Cristiano Ronaldo? Không! Cũng không phải Luis Suarez, Thierry\r\nHenry, Mo Salah, Shearer, Wayne Rooney, không phải Harry Kane, Sergio\r\nAguero hay Van Nistelrooy, Haaland trở thành cầu thủ đầu tiên trong lịch\r\nsử Premier League ghi 50 bàn trong một mùa.</p>', '2023-05-01 07:56:00', 'tt15_1.jpg', 'tt15_2.jpg', 'tt15_3.jpg', 1),
(17, 'Pochettino kéo Harry Kane về Chelsea', '<p>Chưa chính thức nhận việc, Mauricio Pochettino sớm vạch\r\nkế hoạch kéo theo người quen cũ Harry Kane gia nhập\r\nChelsea.</p>\r\n<p>Chelsea vẫn đang trôi dạt, nhưng kế hoạch cho mùa bóng mới đã sớm xác định với việc\r\nthuê Mauricio Pochettino huấn luyện.</p>\r\n<p>Pochettino chính thức trở thành tân HLV của đội bóng thành London là câu chuyện đang\r\nđếm ngược từng ngày.</p>\r\n\r\n<img src=\"images/tt16_1.jpg\" alt=\"tenbaiviet\">\r\n\r\n<p>Báo chí Anh đưa tin, Harry Kane có khả năng trở thành bản hợp đồng\r\nlớn nhất mà Poche mang về Chelsea trong mùa hè năm nay.</p>\r\n<p>Tương lai của Harry Kane được nhắc đến rất nhiều trong thời gian gần\r\nđây, khi Tottenham khủng hoảng và liên tục thay tướng.</p>\r\n<p>Có nhiều thông tin cho rằng Harry Kane được MU liên hệ và Erik ten\r\nHag cũng công khai dành cho anh những lời tốt đẹp. Tuy vậy, đội trưởng\r\ntuyển Anh vẫn chưa quyết định về tương lai.</p>\r\n\r\n<img src=\"images/tt16_2.jpg\" alt=\"tenbaiviet\">\r\n\r\n<p>Hợp đồng của Kane với Tottenham chỉ còn một năm và quá trình gia\r\nhạn không có tiến triển. Để không mắt trắng ngôi sao của mình, Spurs sẽ\r\nphải đàm phán chuyển nhượng.</p>\r\n<p>Điểm yếu lớn của Chelsea hiện nay là thiếu trung phong. \"The Blues\"\r\nmới chỉ có 30 bàn mùa này, hơn 5 bàn so với thành tích cá nhân của\r\nKane.</p>\r\n<p>Chính vì thế, Pochettino càng quyết tâm tái hợp với Harry Kane khi ông\r\nchính thức tiếp quản công việc tại Stamford Bridge.</p>', '2023-05-01 18:45:00', 'tt16_1.jpg', 'tt16_2.jpg', '', 1),
(18, 'Nagelsmann thất vọng, rút khỏi cuộc đua\r\nngồi ‘ghế nóng’ Chelsea', '<p>Julian Nagelsmann quyết định rút khỏi cuộc đua trở\r\nthành HLV trưởng Chelsea, sau các cuộc nói chuyện\r\nvới lãnh đạo đội chủ sân Stamford Bridge.</p>\r\n<p>Theo ESPN, cựu thuyền trưởng Bayern Munich, Julian Nagelsmann đã gặp gỡ lãnh đạo\r\nChelsea trong những ngày gần đây. Ban đầu các cuộc đàm phán diễn ra tốt đẹp, nhưng sau đó\r\nnhà cầm quân 35 tuổi cảm thấy ngày một thất vọng.</p>\r\n\r\n<img src=\"images/tt17_1.png\" alt=\"tenbaiviet\">\r\n\r\n<p>Nagelsmann không thấy được sự chắc chắn (về quan điểm) và rõ ràng của đội ngũ điều\r\nhành Chelsea trong việc xác định một thuyền trưởng mới cũng như đường hướng phát triển\r\nCLB. Điều đó khiến vị thuyền trưởng băn khoăn và trở nên hoài nghi với ý định đến\r\nStamford Bridge.</p>\r\n<p>Do vậy, Nagelsmann quyết định rút lui vào hôm qua (21/4), không còn tham gia vào\r\ncuộc đua ngồi ‘ghế nóng’ Chelsea.</p>\r\n\r\n<img src=\"images/tt17_2.jpg\" alt=\"tenbaiviet\">\r\n\r\n<p>Guardiola thực hiện thay đổi hoàn <p>Trước đó, cựu thuyền trưởng Barca, Luis Enrique được cho cũng thất\r\nvọng lãnh đạo Chelsea, phỏng vấn xong rồi... bỏ lửng, chọn bổ nhiệm tạm\r\nthời Frank Lampard. Sau đó, báo chí Anh cho hay, lãnh đạo CLB đã gạt\r\nEnrique khỏi danh sách rút gọn.</p>\r\n<p>Hiện Pochettino đang nổi lên là ứng viên ưa thích, bên cạnh cựu đội\r\ntrưởng Man City (mới giải nghệ vào 2020), Vincent Kompany.</p>', '2023-05-02 15:32:00', 'tt17_1.png', 'tt17_2.jpg', '', 1),
(19, 'Man City chuẩn bị ký hợp đồng mới với\r\nHaaland', '<p>Man City chuẩn bị ‘thưởng’ lớn Erling Haaland\r\nbằng một hợp đồng mới sau mùa giải đầu tiên không\r\nthể tin nổi ở sân Etihad.</p>\r\n<p>Haaland bỏ lỡ phạt đền ở hang Hùm Allianz Arena nhưng sau đó anh vẫn dũng mãnh điền\r\ntên lên bảng điện tử, cùng Man City loại đẹp Bayern Munich ở tứ kết Champions League với\r\nchiến thắng chung cuộc 4-1 sau 2 lượt trận.</p>\r\n\r\n<img src=\"images/tt18_1.jpg\" alt=\"tenbaiviet\">\r\n\r\n<p>Pep Guardiola tuyên bố, Man City mua Haaland về để giúp họ giành chiếc cúp C1tìm\r\nkiếm bấy lâu và các nhà vô địch Ngoại hạng Anh tiến thêm một bước đến mục tiêu ấy.</p>\r\n<p>Thuyền trưởng Pep Guardiola tuyên bố, Erling Haaland có thể phá vỡ\r\nmọi kỷ lục. Ông cũng đánh giá, chân sút 22 tuổi có tư duy bóng đá và trình\r\nđộ ngang bằng Messi, Ronaldo.</p>\r\n<p>Khỏi phải nói, Haaland chính là niềm ao ước của mọi đội bóng, là cái\r\ntên khiến Chủ tịch Floretino Perez của Real Madrid thèm muốn và hạ quyết\r\ntâm kéo về Bernabeu vào mùa hè năm sau.</p>\r\n\r\n<img src=\"images/tt18_2.png\" alt=\"tenbaiviet\">\r\n\r\n<p>Tuy nhiên, theo tờ Athletic, Man City đang có kế hoạch ‘thưởng’ lớn\r\ncho Erling Haaland sau chưa đầy 1 năm (có thời hạn đến 2027) mua về\r\nvới giá 51,5 triệu bảng, bằng một hợp đồng mới và họ hy vọng sẽ được\r\nchân sút 22 tuổi hào hứng đón nhận. Ai cũng biết mục đích Man City\r\n\'thưởng\' - tăng lương cho Haaland là để giữ chân sút này ở Etihad càng\r\nlâu càng tốt.</p>\r\n<p>Có thông tin, hợp đồng của Haaland với Man City bao gồm điều khoản\r\ngiải phóng là 150 triệu bảng và sẽ hiệu lực vào năm sau. Dù vậy, một số\r\nnguồn khẳng định, điều khoản này hiện đã không còn hiệu lực sau khi Pep\r\nGuardiola ký gia hạn Man City vào tháng 11 năm ngoái.</p>', '2023-05-02 09:32:00', 'tt18_1.jpg', 'tt18_2.png', '', 1),
(20, 'Thắng trận đầu, HLV Thái Lan nóng lòng\r\ngặp U22 Việt Nam', '<p>Sau trận thắng Singapore, HLV Issara Sritaro cho\r\nbiết U22 Thái Lan rất chờ đợi màn đọ sức với U22 Việt\r\nNam ở cuối vòng bảng SEA Games 32.</p>\r\n<p>U22 Thái Lan có sự khởi đầu rất thuận lợi tại bảng B môn bóng đá\r\nnam SEA Games 32, với chiến thắng 3-1 trước U22 Singapore. Đánh giá\r\nvề trận đấu này, HLV Issara Sritaro cho biết: \"Tôi phải nói lời cảm ơn đến\r\ncả đội và đặc biệt là giới truyền thông, người hâm mộ đã luôn ủng hộ. Tôi\r\nrất vui khi có 3 điểm trong trận đầu ra quân tại SEA Games 32.</p>\r\n\r\n<img src=\"images/tt19_1.jpg\" alt=\"tenbaiviet\">\r\n\r\n<p>\"U22 Singapore có lứa cầu thủ trẻ rất tốt, có tinh thần chiến đấu cao.\r\nNhưng chúng tôi khởi đầu tốt hơn. Cá nhân tôi muốn mọi cầu thủ sẽ có cơ\r\nhội vào sân và tận hưởng các trận đấu ở SEA Games 32.</p>\r\n<p>SEA Games trước chúng tôi không thể đoạt HCV, hy vọng 3 điểm khởi\r\nđầu này sẽ giúp U22 Thái Lan vô địch ở giải đấu năm nay\", thuyền trưởng\r\nngười Thái Lan nói tiếp.</p>\r\n\r\n<img src=\"images/tt19_2.jpeg\" alt=\"tenbaiviet\">\r\n\r\n<p>Sau trận thắng ra quân, HLV Issara Sritaro và các thành viên BHL U22\r\nThái Lan không về khách sạn nghỉ ngơi mà ở lại theo dõi trận U22 Việt\r\nNam - U22 Lào.</p>\r\n<p>\"Tôi rất tôn trọng tuyển U22 Việt Nam. Họ là một đội bóng mạnh. Tôi\r\nrất chờ đợi trận đấu giữa U22 Thái Lan và U22 Việt Nam sắp tới. Đó là\r\ncuộc đối đầu hấp dẫn của bảng B\", HLV Issara Sritaro chốt lại.</p>', '2023-04-30 09:32:00', 'tt19_1.jpg', 'tt19_2.jpeg', '', 2),
(21, 'Đội hình U22 Việt Nam đấu U22 Lào: Tất\r\ntay cho trận ra quân', '<p>HLV Philippe Troussier lựa chọn những cầu thủ tốt\r\nnhất cho trận găp U22 Lào, nhằm tìm kiếm chiến thắng\r\nđầu tay ở SEA Games 32</p>\r\n<p>Vì sao dùng đội hình 4-3-3</p>\r\n<p>Ở Doha Cup, HLV Philippe Troussier thường xuyên cho U23 Việt Nam\r\n(thực chất U22) dùng sơ đồ 3-4-3 với ưu điểm linh hoạt khi có thể cân\r\nbằng được khả năng phòng ngự cũng như tấn công.</p>\r\n<p>Tuy nhiên, việc các học trò chưa ăn ý, bên cạnh khả năng nắm bắt sơ\r\nđồ chiến thuật khác so với trước đây dẫn tới 2/3 trận đấu đội nhà phải\r\nnhận thất bại nặng nề. </p>\r\n\r\n<img src=\"images/tt20_1.jpg\" alt=\"tenbaiviet\">\r\n\r\n<p>Và khi hội quân trở lại, chiến lược gia người Pháp buộc phải tính toán\r\nlại với U22 Việt Nam nhằm có thể hướng đến một SEA Games thành công\r\ncũng như cho tương lai.</p>\r\n<p>Ai sẽ đá chính?</p>\r\n<p>Tính toán như thế chẳng có nghĩa U22 Việt Nam mặc định chơi một sơ\r\nđồ 4-3-3 thuần tuý mà hoàn toàn chuyển sang 3-4-3 khi cần thiết nên ông\r\nthầy người Pháp buộc toan tính kỹ lưỡng về nhân sự cho trận ra quân.</p>\r\n<p>Vị trí thủ môn chắc chắn không cần bàn, bởi Quan Văn Chuẩn là lựa\r\nchọn số 1 vì kinh nghiệm lẫn năng lực. Các cầu thủ ở hàng công hay tiền\r\nvệ cũng khó đột biến.</p>\r\n\r\n<img src=\"images/tt20_2.jpg\" alt=\"tenbaiviet\">\r\n\r\n<p>Rắc rối nằm ở hàng thủ, đặc biệt đôi cánh. HLV Philippe Troussier sẽ\r\nchọn những cái tên có thể tham gia tấn công tốt đồng thời đảm bảo lúc cần\r\nchơi được cả vị trí trung vệ nhằm chuyển đổi sơ đồ từ 4-3-3 sang 3-4-3 khi\r\ncần thiết.</p>\r\n\r\n<p>Ở Doha Cup, Phan Tuấn Tài từng được thử nghiệm trung vệ lệch trái\r\nnên khả năng được bố trí chơi hậu trái để phát huy tốc độ (thời điểm lên\r\ntham gia tấn công) hay cần thiết bó vào trong tạo thành bức tường trước\r\nQuan Văn Chuẩn cùng Quang Thịnh, Lương Duy Cương.</p>\r\n<p>Nhìn năng lực, kinh nghiệm từng vị trí đây được coi như đội hình mạnh\r\nnhất của U22 Việt Nam lúc này. Ông Philippe Troussier sẽ chơi tất tay, ít\r\nnhất lấy trận gặp U22 Lào nhằm tăng thêm độ gắn kết trước khi bước vào\r\nchặng đường khó khăn hơn.</p>', '2023-04-30 12:12:00', 'tt20_1.jpg', 'tt20_2.jpg', '', 2),
(22, 'U22 Việt Nam đấu Lào: Không có chỗ\r\ncho sự lãng mạn', '<p>U22 Việt Nam gặp U22 Lào sẽ cần một sự cẩn trọng\r\nnhất định từ HLV Philippe Trousier nếu như muốn\r\nchiến thắng trong trận đầu tiên tại SEA Games 32.</p>\r\n<p>U22 Lào, một góc nhìn khác</p>\r\n<p>Không giống như trước đây, lúc này U22 Lào là một ẩn số ở SEA Games 32 bắt đầu khởi\r\ntranh tại Campuchia.</p>\r\n<p>Điều này là khó tin, khi bóng đá Lào chưa bao giờ được đánh giá cao so với Việt Nam hay\r\ntrong khu vực, ngoại trừ một lần cách đây tròn 14 năm thời điểm SEA Games tổ chức trên sân\r\nnhà.</p>\r\n\r\n<img src=\"images/tt21_1.jpeg\" alt=\"tenbaiviet\">\r\n\r\n<p>Nhưng lúc này như đã nói, U22 Lào thực sự là ẩn số đối với các đội\r\nbóng trong khu vực khi các cầu thủ trẻ của ông Michael Weiss dường như\r\nđang tiến bộ nhanh trong thời gian qua.</p>\r\n\r\n<p>Bằng chứng, chính HLV người Đức này từng giúp U19 Lào vào chơi\r\ntrận chung kết U19 Đông Nam Á, thậm chí trước đó còn vượt qua cả Thái\r\nLan tại bán kết vào năm 2022.</p>\r\n<p>Không có chỗ cho sự lãng mạn </p>\r\n<p>U22 Việt Nam với loạt thất bại trước thềm SEA Games 32 đang\r\nkhiến tâm lý các cầu thủ thực sự nặng nề. Và có vẻ những bài toán từ\r\nhàng thủ, hiệu quả hàng công... tới cả cách chơi cũng chưa quá ổn\r\nnên xem chừng ông Trousier càng phải thận trọng hơn.</p>\r\n\r\n<img src=\"images/tt21_2.png\" alt=\"tenbaiviet\">\r\n\r\n<p>Rắc rối nằm ở hàng thủ, đặc biệt đôi cánh. HLV Philippe Troussier sẽ\r\nchọn những cái tên có thể tham gia tấn công tốt đồng thời đảm bảo lúc cần\r\nchơi được cả vị trí trung vệ nhằm chuyển đổi sơ đồ từ 4-3-3 sang 3-4-3 khi\r\ncần thiết.</p>\r\n\r\n<p>Ở Doha Cup, Phan Tuấn Tài từng được thử nghiệm trung vệ lệch trái\r\nnên khả năng được bố trí chơi hậu trái để phát huy tốc độ (thời điểm lên\r\ntham gia tấn công) hay cần thiết bó vào trong tạo thành bức tường trước\r\nQuan Văn Chuẩn cùng Quang Thịnh, Lương Duy Cương.</p>\r\n<p>Nhìn năng lực, kinh nghiệm từng vị trí đây được coi như đội hình mạnh\r\nnhất của U22 Việt Nam lúc này. Ông Philippe Troussier sẽ chơi tất tay, ít\r\nnhất lấy trận gặp U22 Lào nhằm tăng thêm độ gắn kết trước khi bước vào\r\nchặng đường khó khăn hơn.</p>', '2023-04-30 13:04:00', 'tt21_1.jpeg', 'tt21_2.png', '', 2),
(23, 'U22 Việt Nam thắng ra quân, HLV\r\nTroussier \'thưởng\' nóng toàn đội', '<p>Chiến lược gia người Pháp tặng món quà là một\r\nngày nghỉ ngơi trọn vẹn với các cầu thủ U22 Việt Nam\r\nsau trận thắng vất vả trước Lào.</p>\r\n\r\n<img src=\"images/tt22_1.jpg\" alt=\"tenbaiviet\">\r\n\r\n<p>U22 Việt Nam trải qua 90 phút thi đấu căng thẳng trước Lào trong\r\ntrận ra quân SEA Games 32. Ở thời điểm cuối trận, một số cầu thủ áo đỏ\r\ncó hiện tượng bị chuột rút. Dù có sự chuẩn bị kỹ nhưng do thời tiết nóng\r\n\r\ncùng áp lực về tâm lý khiến Văn Trường và các đồng đội thể hiện chưa\r\nđáp được kỳ vọng của người hâm mộ.</p>\r\n<p>Nhằm giúp U22 Việt Nam tái tạo năng lượng và cân bằng trạng thái,\r\nHLV Philippe Troussier quyết định cho toàn đội nghỉ buổi tập sáng 1/5\r\n(dự kiến ra sân tập vào lúc 9h15). Toàn đội được nghỉ ngơi trọn vẹn 1 ngày\r\ntại khách sạn.</p>\r\n\r\n<img src=\"images/tt22_2.jpg\" alt=\"tenbaiviet\">\r\n\r\n<p>Thực tế, buổi tập này cũng chỉ giúp các cầu thủ đá chính tập nhẹ hồi\r\nphục, và nhóm dự bị tập bình thường. Tuy nhiên, chiến lược gia người\r\nPháp có sự điều chỉnh hợp lý, và coi đây là món quà dành tặng cho các\r\nhọc trò sau trận thắng ra quân trước U22 Lào. Theo kế hoạch, chiều 2/5,\r\nđội sẽ tập trở lại trên sân EDC từ 16 giờ đến 17 giờ 30.</p>', '2023-05-01 04:04:00', 'tt22_1.jpg', 'tt22_2.jpg', '', 2),
(24, 'Tiền đạo U22 Việt Nam không ngán hậu\r\nvệ cao to của Singapore', '<p>Tiền đạo Quốc Việt khẳng định U22 Việt Nam rút ra\r\nnhiều bài học trận ra quân gặp Lào, hướng tới chiến\r\nthắng trước Singapore ở lượt thứ 2 bảng B.</p>\r\n<p>\"Trận đấu với U22 Lào là trận ra quân tại giải, có thể tâm lý của đội chưa tốt, dẫn đến lối\r\nchơi chưa được gắn kết với nhau. Chúng tôi gặp áp lực khi kỳ SEA Games trước lứa đàn\r\nanh thi đấu tốt và giành HCV. Toàn đội phải cố gắng đạt được như những gì các anh đã làm\r\nđược\", tiền đạo Quốc Việt chia sẻ.</p>\r\n\r\n<img src=\"images/tt23_1.jpg\" alt=\"tenbaiviet\">\r\n\r\n<p>Ở trận thắng Lào 2-0, Quốc Việt sau khi được tung vào sân từ băng ghế\r\ndự bị đã ghi dấu ấn với một bàn thắng. Tiền đạo CLB HAGL cho biết bàn\r\nthắng này giúp anh tự tin hơn rất nhiều.</p>\r\n\r\n<p>Đánh giá về đối thủ U22 Singapore trong trận đấu diễn ra vào 16h ngày\r\n3/5, Quốc Việt tự tin cho biết: \"Hiện tại, toàn đội sẵn sàng cho trận đấu\r\nngày mai. Chúng tôi chuẩn bị rất tốt cho trận gặp U22 Singapore.</p>\r\n<p>U22 Singapore là đội bóng có thiên hướng chơi phòng ngự phản công.\r\nCầu thủ của họ cao to nên gây ra khó chịu cho các cầu thủ U22 Thái\r\nLan.</p>\r\n\r\n<img src=\"images/tt23_2.jpg\" alt=\"tenbaiviet\">\r\n\r\n<p>Sau một ngày nghỉ ngơi trọn vẹn, U22 Việt Nam trở lại sân tập vào\r\nchiều 2/5. Dù thắng vất vả trước Lào ngày ra quân nhưng hiện tinh thần\r\ntoàn đội rất thoải mái.</p>\r\n<p> HLV Philippe Troussier đưa vào buổi tập những trò chơi tạo nên bầu\r\nkhông khí vui vẻ. Ông thầy người Pháp còn trực tiếp cùng các trợ lý khiêng\r\nkhung thành giúp các học trò tập luyện. Tin vui với U22 Việt Nam là không\r\ncó cầu thủ nào gặp chấn thương, có thể ra sân với đội hình mạnh nhất trận\r\ngặp Singapore.</p>', '2023-05-02 20:45:00', 'tt23_1.jpg', 'tt23_2.jpg', '', 2),
(25, 'U22 Việt Nam: Từ HLV Park Hang Seo\r\nđến ông Troussier', '<p>U22 Việt Nam thắng thiếu thuyết phục U22 Lào khiến\r\nHLV Philippe Troussier đối mặt với không ít áp lực, tuy\r\nnhiên đó cũng là điều ông Park từng gặp rất nhiều khi\r\nngồi \'ghế nóng\'.</p>\r\n<p>Từ HLV Park Hang Seo...</p>\r\n<p>U22 Việt Nam nhọc nhằn và phải nhờ may mắn mới có được 3 điểm ở\r\ntrận ra quân gặp U22 Lào khiến người hâm mộ lẫn giới chuyên môn không\r\nhài lòng.</p>\r\n<p>Dù mới chỉ là trận đầu tiên tại SEA Games 32, nhưng nhiều người bắt\r\nđầu đặt dấu hỏi cũng như so sánh đương kim thuyền trưởng U22 Việt Nam\r\nvới HLV Park Hang Seo.</p>\r\n\r\n<img src=\"images/tt24_1.jpg\" alt=\"tenbaiviet\">\r\n\r\n<p>So sánh chẳng có gì sai, nhưng dường như lại vội vã khi HLV Philippe\r\nTroussier từ thời điểm nhận đội tới lúc xuất trận chỉ chừng 2 tháng làm\r\nviệc.</p>\r\n<p>Và bản thành tích đồ sộ mà ông Park Hang Seo để lại cho bóng đá Việt\r\nNam khiến người hâm mộ quên mất rằng chính người tiền nhiệm của HLV\r\nPhilippe Troussierthực tế cũng chăng suôn sẻ ngay thời điểm đầu tới Việt\r\nNam làm việc.</p>\r\n\r\n<p>... đến ông Troussier</p>\r\n<p>Lúc này ông Philippe Troussier đối mặt với áp lực thành công lớn hơn\r\nrất nhiều. Thời ông Park đến, bóng đá Việt Nam chỉ cần thành tích, còn giờ\r\ncó thêm những đòi hỏi cuộc cách mạng lối chơi đến thực hiện giấc mơ\r\nvươn tầm châu lục, World Cup...</p>\r\n<p>Bản thân chiến lược gia người Pháp cũng hiểu thách thức, áp lực cũng\r\nnhư đối mặt với khó khăn khi ký vào bản hợp đồng với bóng đá Việt\r\nNam.</p>\r\n\r\n<img src=\"images/tt24_2.jpg\" alt=\"tenbaiviet\">\r\n\r\n<p>Không bào chữa cho HLV Philippe Troussier sau màn trình diễn được\r\ncoi thảm hoạ của U22 Việt Nam trước U22 Lào, nhưng nên hiểu một điều\r\nthuyền trưởng người Pháp và đội nhà cần có thêm thời gian hoàn thiện. Và\r\nđừng quên, SEA Games 32 chỉ là một phần trong kế hoạch nâng tầm bóng\r\nđá Việt Nam.</p>', '2023-05-02 10:23:00', 'tt24_1.jpg', 'tt24_2.jpg', '', 2);

-- --------------------------------------------------------

--
-- Table structure for table `danhmuc`
--

CREATE TABLE `danhmuc` (
  `id_danhmuc` int(11) NOT NULL,
  `tendanhmuc` varchar(50) NOT NULL
) ENGINE=InnoDB DEFAULT CHARSET=utf8mb4 COLLATE=utf8mb4_unicode_ci;

--
-- Dumping data for table `danhmuc`
--

INSERT INTO `danhmuc` (`id_danhmuc`, `tendanhmuc`) VALUES
(1, 'CLB Châu Âu'),
(2, 'CLB Châu Á'),
(3, 'Đội Tuyển Châu Á'),
(4, 'Giày Bóng Đá'),
(5, 'Phụ Kiện Bảo Vệ'),
(6, 'Đội Tuyển Châu Âu'),
(7, 'Đội Tuyển Châu Mỹ');

-- --------------------------------------------------------

--
-- Table structure for table `dathang`
--

CREATE TABLE `dathang` (
  `id` int(4) NOT NULL,
  `namee` varchar(255) NOT NULL,
  `emaill` varchar(255) NOT NULL,
  `diachinhan` varchar(255) NOT NULL,
  `dtnhan` varchar(255) NOT NULL,
  `soluong` int(50) NOT NULL,
  `size` varchar(50) NOT NULL,
  `pttt` varchar(255) NOT NULL
) ENGINE=InnoDB DEFAULT CHARSET=utf8mb4 COLLATE=utf8mb4_general_ci;

--
-- Dumping data for table `dathang`
--

INSERT INTO `dathang` (`id`, `namee`, `emaill`, `diachinhan`, `dtnhan`, `soluong`, `size`, `pttt`) VALUES
(11, 'Phạm Thị Tuyết Nga', 'tuyetnga0708@gmail.com', 'Nhơn Tân, An Nhơn, Bình Định', '0337921562', 2, 'L', 'ttknh');

-- --------------------------------------------------------

--
-- Table structure for table `dmbaiviet`
--

CREATE TABLE `dmbaiviet` (
  `id_tintuc` int(11) NOT NULL,
  `loaitintuc` text NOT NULL
) ENGINE=MyISAM DEFAULT CHARSET=utf8mb4 COLLATE=utf8mb4_unicode_ci;

--
-- Dumping data for table `dmbaiviet`
--

INSERT INTO `dmbaiviet` (`id_tintuc`, `loaitintuc`) VALUES
(1, 'Thể thao quốc tế'),
(2, 'Thể thao quốc gia'),
(3, 'Sản phẩm mới');

-- --------------------------------------------------------

--
-- Table structure for table `lsmuahang`
--

CREATE TABLE `lsmuahang` (
  `id_user` int(11) NOT NULL,
  `madonhang` int(11) NOT NULL,
  `tensanpham` text NOT NULL,
  `dongia` int(11) NOT NULL,
  `soluong` int(11) NOT NULL,
  `tongtien` int(11) NOT NULL,
  `ngaymua` datetime NOT NULL
) ENGINE=MyISAM DEFAULT CHARSET=utf8mb4 COLLATE=utf8mb4_unicode_ci;

--
-- Dumping data for table `lsmuahang`
--

INSERT INTO `lsmuahang` (`id_user`, `madonhang`, `tensanpham`, `dongia`, `soluong`, `tongtien`, `ngaymua`) VALUES
(52, 3, 'Áo Real', 250000, 2, 500000, '2023-05-20 14:45:07'),
(2, 4, 'Áo Real', 250000, 2, 500000, '2023-05-20 14:45:07'),
(3, 5, 'Áo MC', 270000, 2, 540000, '2023-05-20 14:45:07');

-- --------------------------------------------------------

--
-- Table structure for table `member`
--

CREATE TABLE `member` (
  `id` int(4) NOT NULL,
  `name` varchar(50) CHARACTER SET utf8mb4 COLLATE utf8mb4_general_ci NOT NULL,
  `address` varchar(100) CHARACTER SET utf8mb4 COLLATE utf8mb4_general_ci DEFAULT NULL,
  `email` varchar(50) CHARACTER SET utf8mb4 COLLATE utf8mb4_general_ci NOT NULL,
  `password` varchar(20) CHARACTER SET utf8mb4 COLLATE utf8mb4_general_ci NOT NULL,
  `sdt` varchar(50) NOT NULL DEFAULT '0'
) ENGINE=InnoDB DEFAULT CHARSET=utf8mb4 COLLATE=utf8mb4_unicode_ci;

--
-- Dumping data for table `member`
--

INSERT INTO `member` (`id`, `name`, `address`, `email`, `password`, `sdt`) VALUES
(52, 'Đỗ Ngọc Đạt', 'Tân Bình, Xuân Sơn Bắc, Đồng Xuân, Phú Yên', 'dongocdat28042003@gmail.com', 'dat28', '0917621887');

-- --------------------------------------------------------

--
-- Table structure for table `sanpham`
--

CREATE TABLE `sanpham` (
  `id_sanpham` int(11) NOT NULL,
  `tensanpham` varchar(50) NOT NULL,
  `masanpham` varchar(15) NOT NULL,
  `giasanpham` float NOT NULL,
  `soluong` int(11) NOT NULL,
  `hinhanh` varchar(50) NOT NULL,
  `noidung` varchar(500) NOT NULL,
  `id_danhmuc` int(11) NOT NULL
) ENGINE=InnoDB DEFAULT CHARSET=utf8mb4 COLLATE=utf8mb4_unicode_ci;

--
-- Dumping data for table `sanpham`
--

INSERT INTO `sanpham` (`id_sanpham`, `tensanpham`, `masanpham`, `giasanpham`, `soluong`, `hinhanh`, `noidung`, `id_danhmuc`) VALUES
(1, 'Áo CLB Chelsea', 'CLB01', 120000, 20, 'images/ao1.jpg', 'Áo bóng đá chính hãng Chelsea sân khách 2022/23 là phiên bản áo bóng đá chính hãng Fan sân khách của Chelsea. Được Nike thiết kế với gam màu White/Chlorine Blue/College Navy, lấy tông màu trắng làm chủ đạo và College Navy in ', 1),
(3, 'Áo CLB Tottenham', 'CLB02', 129000, 100, 'images/ao2.jpg', 'Áo bóng đá Tottenham sân nhà 2022 – 2023 hàng Thái Lan: – Đây là mẫu áo đấu đẹp nhất và gần giống nhất so với áo chính hãng, giống tới 99%, thường đường gọi là áo F1 . Đây là mẫu áo được may bằng vải Thái Lan chất lượng cao c', 1),
(4, 'Áo CLB Liverpool ', 'CLB03', 110000, 50, 'images/ao5.jpg', 'Áo bóng đá Liverpool sân nhà 2022 – 2023 sân khách hàng Việt Nam: – Đây là mẫu quần áo câu lạc bộ đang được bán nhiều nhất trên thị trường, thường được may bằng vải thun lạnh. Đây là hàng phổ thông nhất hiện nay.', 1),
(5, 'Áo CLB Chelsea', 'CLB04', 100000, 70, 'images/ao6.jpg', 'Mẫu mới cực ngầu, bộ áo đấu CLB Chelsea 2021 – 2022 xanh sọc thiết kế cực chất, hàng sẵn tại KPSport. Họa tiết trên thân áo rất độc đáo, phối màu khác biệt, một bộ áo bóng đá siêu đẹp cho mùa giải 2021 – 2022 thắng lợi.', 1),
(6, 'Áo Đội Tuyển Ý ', 'DT01', 119000, 45, 'images/ao3.jpg', 'Áo bóng đá với chất liệu vải polyester thun thể thao cao cấp, siêu nhẹ và thoáng mát, thấm hút mồ hôi tốt, thoải mái vận động, chơi thể thao, đá bóng trong thời gian dài.', 6),
(7, 'Áo Đội Tuyển Việt Nam', 'DT02', 129000, 100, 'images/ao4.jpg', 'Thiết kế dành riêng cho Đội Tuyển Việt Nam, công nghệ dệt vi sợi Yarn Micro Filament độc quyền từ sợi Polyester, huy hiệu “CHIẾN BINH SAO VÀNG” ở cổ áo, vải lưới thoáng khí, hỗ trợ tốt khi thi đấu, siêu nhẹ, thoáng khí', 3),
(8, 'Áo Đội Tuyển Đức', 'DT03', 99000, 50, 'images/ao7.jpg', 'Áo đội tuyển Đức được may từ chất liệu co giãn tốt, tạo điều kiện để bạn có thể vô tư trong mọi tư thế khác nhau khi chơi thể thao.    Khả năng thấm hút tốt, khô thoáng khi mặc', 6),
(9, 'Áo Đội Tuyển Việt Nam', 'DT04', 120000, 60, 'images/ao8.jpg', 'Thiết kế dành riêng cho Đội Tuyển Việt Nam, công nghệ dệt vi sợi Yarn Micro Filament độc quyền từ sợi Polyester, huy hiệu “CHIẾN BINH SAO VÀNG” ở cổ áo, vải lưới thoáng khí, hỗ trợ tốt khi thi đấu, siêu nhẹ, thoáng khí', 3),
(10, 'Áo CLB Real Madrid', 'CLB05', 110000, 90, 'images/ao9.jpg', 'Áo đấu sân khách của Real Madrid mùa giải 2022-2023 sẽ có màu xanh, các chi tiết phối ở cổ áo, tay áo và ba sọc ở hai bên hông áo sẽ có xanh đậm. Logo của câu lạc bộ và các nhà tài trợ vẫn xuất hiện trên chiếc áo như thường l', 1),
(11, 'Áo Đội Tuyển Argentina', 'CLB06', 109000, 45, 'images/ao10.jpg', 'Áo  Argentina sân nhà trắng 2021-2022 Copa America. Chất liệu Polyester, Phom Bodyfit công nghệ Climate thấm hút tốt. Kiểu dáng form dáng bodyfit, tay ngắn, cổ tròn. Màu sắc trắng, phối logo orlando', 7),
(12, 'Áo Đội Tuyển Bồ Đào Nha', 'DT05', 120000, 90, 'images/ao11.jpg', 'Áo bóng đá với chất liệu vải polyester thun thể thao cao cấp, siêu nhẹ và thoáng mát, thấm hút mồ hôi tốt, thoải mái vận động, chơi thể thao, đá bóng trong thời gian dài. Phù hợp với tất cả các bộ môn thể thao như bóng đá, bó', 6),
(13, 'Áo Đội Tuyển Argentina', 'DT06', 119000, 75, 'images/ao12.jpg', 'Áo bóng đá với chất liệu vải polyester thun thể thao cao cấp, siêu nhẹ và thoáng mát, thấm hút mồ hôi tốt, thoải mái vận động, chơi thể thao, đá bóng trong thời gian dài. Phù hợp với tất cả các bộ môn thể thao như bóng đá, bó', 7),
(14, 'Áo Đội Tuyển Bỉ', 'DT07', 125000, 100, 'images/ao13.jpg', 'Áo đấu này có thiết kế Devil với cổ áo húi cua cổ điển. Đại diện cho truyền thống và niềm đam mê của Quỷ đỏ tại World Cup 2022. Chuẩn bị với tất cả các Áo đấu World Cup và các nhu cầu cần thiết của bạn tại SoccerPro.', 6),
(15, ' Áo CLB Arsenal', 'CLB07', 110000, 50, 'images/ao14.jpg', 'Không chỉ thiết kế độc đáo mà chất liệu của áo cũng khiến cho người sử dụng cực hài lòng. Dù bạn là người hay ra nhiều mồ hôi cũng có thể sử dụng được vì chúng thấm hút cực tốt. Từ đó khiến người mặc luôn cảm thấy mát mẻ, thô', 1),
(16, 'Áo Đội Tuyển Đức', 'DT08', 115000, 60, 'images/ao15.jpg', 'Áo bóng đá đội tuyển Đức Euro 2021, form body-fit vừa vặn cơ thể người Việt Nam, hàng nhập nguyên bộ từ Thái Lan, vải mè cao cấp nhất của Thái không nhăn không xù,mặc lên tuyệt đẹp dù là đi đá bóng hay đi chơi.', 6),
(17, 'Áo Đội Tuyển Brazil', 'DT09', 130000, 110, 'images/ao16.jpg', 'Áo đội tuyển Brazil 2022 với thiết kế đẹp mắt, hiện đại. Chất vải thun lạnh chuyên dụng cho trang phục bóng đá, thể thao.Thấm hút mồ hôi tốt, thoáng mát khi mặc. Phù hợp in decal, in nhiệt; dễ đặt đội, nhóm. Độ co giãn của vả', 7),
(18, 'Áo CLB Manchester United', 'CLB08', 130000, 120, 'images/ao17.jpg', 'Bạn là một người năng động, đam mê thể thao, hâm mộ CLB MU và mong muốn sở hữu được những chiếc áo yêu thích của câu lạc bộ này. Trong đó không thể không kể đến mẫu Áo MU Đỏ Đốm Zk 2022.Với công nghệ màu tiên tiến nên bạn hoà', 1),
(20, 'Áo Đội Tuyển Croatia', 'DT10', 115000, 80, 'images/ao18.jpg', ' Áo đội tuyển Croatia sân nhà World Cup 2022 xuất sắc nhất. Là siêu phẩm mới được tung ra thị trường áo đấu với nhiều ưu đãi, khuyến mãi hấp dẫn. Và chắc chắn sẽ mang lại cho các bạn sự hài lòng tuyệt đối. Sự cảm nhận của khá', 6),
(21, 'Áo Đội Tuyển Iran', 'DT11', 119000, 65, 'images/ao19.jpg', 'Áo bóng đá đội tuyển Iran mới nhất có chất liệu vải thun lạnh cao cấp không nhăn, không xù, không phai, thấm hút mồ hôi cực tốt thiết kế mạnh mẽ, hiện đại form body-fit vừa vặn cơ thể thân áo in chuyển nhiệt đẹp, hàng chất lư', 3),
(22, 'Áo Đội Tuyển Hàn Quốc', 'DT12', 120000, 70, 'images/ao20.jpg', 'Sản phẩm áo bóng đá Hàn Quốc 2020 sản phẩm sử dụng màu sắc thiết kế đương đại, tương tự như 1 xu hướng mới của làn sóng văn hoá Hàn Quốc từ những năm 2000. Chất liệu Polyester logo thêu.', 3),
(23, 'Quả Bóng Đá Geru Star Futsal', 'PK01', 220000, 20, 'images/pk1.jpg', 'Quả Bóng Đá Geru Star Futsal, vỏ ngoài được làm từ da PU cao cấp có màng chống thấp nước, ruột làm từ cao su cao cấp. Bóng có độ thấm nước chỉ 6%, độ nảy chuẩn 130-140mm.', 5),
(25, 'Quả Bóng Đá Động Lực FIFA UHV', 'PK02', 800000, 20, 'images/pk2.jpg', 'Quả Bóng Đá Động Lực FIFA UHV, được sử dụng tại giải vô địch quốc gia Việt Nam 2014 – 2015. Vỏ ngoài được làm từ da PU cao cấp có màng chống thấp nước, ruột làm từ cao su cao cấp. Bóng có độ thấm nước chỉ 6%, độ nảy chuẩn 130', 5),
(26, 'Quả Bóng Đá VBE Star Blue', 'PK03', 500000, 25, 'images/pk3.jpg', 'Quả bóng đá STAR BLUE được làm từ chất liệu PU-PVC dai bền. Phần ruột bóng được làm từ chất liệu cao cấp, cho khả năng giữ hơi cực tốt. Bóng đá STAR BLUE có thiết kế đẹp mắt, thường dùng cho luyện tập và thi đấu phong trào.', 5),
(27, 'Găng Tay Thủ Môn GKVN', 'PK04', 900000, 10, 'images/pk4.jpg', 'Găng thủ môn Bengal new 2023 Thái Lan có xương bảo vệ ngón tay. Lòng bàn tay mút dày 4mm, bổ sung công nghệ ép mút giúp tăng độ chắc tay và giúp bắt dính bóng tốt cả trời nắng lẫn trời mưa, Bề mặt găng tay dày 3mm và được thi', 5),
(28, 'Găng Tay Thủ Môn GKVN', 'PK05', 700000, 15, 'images/pk5.jpg', 'Găng thủ môn Bengal new 2023 Thái Lan có xương bảo vệ ngón tay. Lòng bàn tay mút dày 4mm, bổ sung công nghệ ép mút giúp tăng độ chắc tay và giúp bắt dính bóng tốt cả trời nắng lẫn trời mưa, Bề mặt găng tay dày 3mm và được thi', 5),
(29, 'Găng Tay thủ môn Reusch Pure ', 'PK06', 1500000, 5, 'images/pk6.jpg', 'Lòng găng sử dụng chất liệu cao cấp Latico New Basic Latex Foam (Germany) tăng cường tính ma sát giúp thủ môn bắt dính bóng đồng thời giữ cảm giác bóng chân thật. Mu bàn tay ứng dụng công nghệ 3D định hình bộ khung, giúp các ', 5),
(30, 'Băng Keo Vải', 'PK07', 20000, 200, 'images/pk7.jpg', 'Băng Keo Vải với chất liệu Cotton mềm mại, co giãn thoải mái, nhỏ gọn, Có thể xé bằng tay rất tiện lợi, tính đàn hồi cao, Chiều dài 4,5m khi kéo căng hoàn toàn, chiều dài 2,2m khi ở trạng thái thông thường,không thấm nước, kh', 5),
(31, 'Băng Keo Thể Thao Nano', 'PK08', 20000, 150, 'images/pk8.jpg', 'Băng Keo Thể Thao Nano Đây là loại băng keo thường được các cầu thủ, vận động viên dùng để băng những chỗ dễ bị chấn thương như cổ chân, cổ tay, đầu gối, sơ mi, nhằm giảm khả năng bị chấn thương khi di chuyển ở cường độ cao.B', 5),
(32, 'Băng Keo Thể Thao Nano', 'PK09', 20000, 120, 'images/pk9.jpg', 'Băng keo thể thao Nano, băng keo thể thao Nhật Nano cuộn 3cm, cuộn 5cm, chuyên dụng trong bóng đá, chống trật khớp, hỗ trợ vận động cường độ cao Đây là loại băng keo thường được các cầu thủ, vận động viên dùng để băng những c', 5),
(33, 'Ốp bảo vệ Adidas', 'PK10', 450000, 45, 'images/pk10.jpg', 'Ốp bảo vệ Adidas Predator Training Shin Pad – Black Chất liệu nhựa cứng bảo vệ tối ưu hóa cho đôi chân bạn. Giúp người chơi tránh được những chấn thương liên quan ống cổ chân, ống đồng\r\nGiúp đôi chân các cầu thủ được bảo vệ t', 5),
(34, 'Ốp bảo vệ ống đồng Adidas', 'PK11', 270000, 30, 'images/pk11.jpg', 'Ốp bảo vệ ống đồng Adidas Tiro Club ShinGuard Chất liệu nhựa cứng bảo vệ tối ưu hóa cho đôi chân bạn. Giúp người chơi tránh được những chấn thương liên quan ống cổ chân, ống đồng\r\nGiúp đôi chân các cầu thủ được bảo vệ tuyệt đối và không sợ bị chấn thương.', 5),
(35, 'Lót Ống Đồng Nike', 'PK12', 450000, 20, 'images/pk12.jpg', 'Lót ống đồng Nike Mercurial Shell Shin Guards- Urban Lilac. Là một trong những phụ kiện bóng đá vô cùng quan trọng, giúp bảo vệ hữu hiệu tránh trấn thương chân, là phụ kiện bóng đá chính hãng được ưu chuộng, là sản phẩm chủ đ', 5),
(36, 'Áo Đội Tuyển Đức ', 'DT13', 120000, 50, 'images/ao21.jpg', 'Áo bóng đá với chất liệu vải polyester thun thể thao cao cấp, siêu nhẹ và thoáng mát, thấm hút mồ hôi tốt, thoải mái vận động, chơi thể thao, đá bóng trong thời gian dài. Phù hợp với tất cả các bộ môn thể thao như bóng đá, bóng chuyền, chạy bộ…', 6),
(37, 'Áo CLB Arsenal', 'CLB09', 110000, 100, 'images/ao22.jpg', 'Áo bóng đá Arsenal đủ các size S,M, L, XL,XXL Chất liệu thun lạnh thể thao cao cấp, vải mềm, cực kỳ mịn và mát. In tên số, logo theo yêu cầu, 1 bộ cũng in Giao hàng tận nơi, kiểm tra hàng vừa ý mới thanh toán', 1),
(38, 'Áo CLB Liverpool ', 'CLB10', 120000, 60, 'images/ao23.jpg', 'Áo bóng đá đủ các size S, M, L, XL, XXL Chất liệu thun mè thể thao cao cấp, vải mềm, cực kỳ mịn và mát. In tên số, logo theo yêu cầu, 1 bộ cũng in Giao hàng tận nơi, kiểm tra hàng vừa ý mới thanh toán', 1),
(39, 'Áo CLB Manchester City', 'CLB11', 129000, 110, 'images/ao24.jpg', 'Áo bóng đá với chất liệu vải polyester thun thể thao cao cấp, siêu nhẹ và thoáng mát, thấm hút mồ hôi tốt, thoải mái vận động, chơi thể thao, đá bóng trong thời gian dài. Phù hợp với tất cả các bộ môn thể thao như bóng đá, bóng chuyền, chạy bộ…', 1),
(40, 'Áo Đội Tuyển Việt Nam', 'DT14', 120000, 70, 'images/ao25.jpg', 'Áo bóng đá với chất liệu vải polyester thun thể thao cao cấp, siêu nhẹ và thoáng mát, thấm hút mồ hôi tốt, thoải mái vận động, chơi thể thao, đá bóng trong thời gian dài. Phù hợp với tất cả các bộ môn thể thao như bóng đá, bóng chuyền, chạy bộ…', 3),
(41, 'Áo CLB Real Madrid', 'CLB12', 110000, 70, 'images/ao26.jpg', 'Áo bóng đá đủ các size S,M, L, XL,XXL Chất liệu thun lạnh thể thao cao cấp, vải mềm, cực kỳ mịn và mát. In tên số, logo theo yêu cầu, 1 bộ cũng in Giao hàng tận nơi, kiểm tra hàng vừa ý mới thanh toán', 1),
(42, 'Áo CLB Manchester City', 'CLB13', 120000, 100, 'images/ao27.jpg', 'Áo bóng đá đủ các size S, M, L, XL, XXL Chất liệu thun mè thể thao cao cấp, vải mềm, cực kỳ mịn và mát. In tên số, logo theo yêu cầu, 1 bộ cũng in Giao hàng tận nơi, kiểm tra hàng vừa ý mới thanh toán', 1),
(43, 'Áo CLB PSG', 'CLB14', 110000, 99, 'images/ao28.jpg', 'Áo bóng đá đủ các size S, M, L, XL, XXL Chất liệu thun mè thể thao cao cấp, vải mềm, cực kỳ mịn và mát. In tên số, logo theo yêu cầu, 1 bộ cũng in Giao hàng tận nơi, kiểm tra hàng vừa ý mới thanh toán', 1),
(44, 'Áo Đội Tuyển Italia', 'DT15', 100000, 65, 'images/ao29.jpg', 'Áo bóng đá với chất liệu vải polyester thun thể thao cao cấp, siêu nhẹ và thoáng mát, thấm hút mồ hôi tốt, thoải mái vận động, chơi thể thao, đá bóng trong thời gian dài. Phù hợp với tất cả các bộ môn thể thao như bóng đá, bóng chuyền, chạy bộ…', 6),
(45, 'Áo Đội Tuyển Italia', 'DT16', 119000, 45, 'images/ao30.jpg', 'Áo bóng đá với chất liệu vải polyester thun thể thao cao cấp, siêu nhẹ và thoáng mát, thấm hút mồ hôi tốt, thoải mái vận động, chơi thể thao, đá bóng trong thời gian dài. Phù hợp với tất cả các bộ môn thể thao như bóng đá, bóng chuyền, chạy bộ', 6),
(46, 'Áo CLB PSG', 'CLB15', 115000, 50, 'images/ao31.jpg', 'Áo bóng đá đủ các size S, M, L, XL, XXL Chất liệu thun mè thể thao cao cấp, vải mềm, cực kỳ mịn và mát. In tên số, logo theo yêu cầu, 1 bộ cũng in Giao hàng tận nơi, kiểm tra hàng vừa ý mới thanh toán', 1),
(47, 'Áo Đội Tuyển Mỹ', 'DT17', 110000, 45, 'images/ao32.jpg', 'Áo bóng đá với chất liệu vải polyester thun thể thao cao cấp, siêu nhẹ và thoáng mát, thấm hút mồ hôi tốt, thoải mái vận động, chơi thể thao, đá bóng trong thời gian dài. Phù hợp với tất cả các bộ môn thể thao như bóng đá, bóng chuyền, chạy bộ', 7),
(48, 'Áo Đội Tuyển Brazil', 'DT18', 120000, 100, 'images/ao33.jpg', 'Áo bóng đá với chất liệu vải polyester thun thể thao cao cấp, siêu nhẹ và thoáng mát, thấm hút mồ hôi tốt, thoải mái vận động, chơi thể thao, đá bóng trong thời gian dài. Phù hợp với tất cả các bộ môn thể thao như bóng đá, bóng chuyền, chạy bộ…', 7),
(49, 'Áo CLB Inter Milan ', 'CLB16', 110000, 60, 'images/ao34.jpg', 'Áo bóng đá với chất liệu vải polyester thun thể thao cao cấp, siêu nhẹ và thoáng mát, thấm hút mồ hôi tốt, thoải mái vận động, chơi thể thao, đá bóng trong thời gian dài. Phù hợp với tất cả các bộ môn thể thao như bóng đá, bóng chuyền, chạy bộ…', 1),
(50, 'Áo Tuyển Tây Ban Nha', 'DT19', 120000, 50, 'images/ao35.jpg', 'Áo bóng đá với chất liệu vải polyester thun thể thao cao cấp, siêu nhẹ và thoáng mát, thấm hút mồ hôi tốt, thoải mái vận động, chơi thể thao, đá bóng trong thời gian dài. Phù hợp với tất cả các bộ môn thể thao như bóng đá, bóng chuyền, chạy bộ…', 6),
(51, 'Áo Đội Tuyển Hà Lan', 'DT20', 120000, 70, 'images/ao36.jpg', 'Áo bóng đá đủ các size S,M, L, XL,XXL Chất liệu thun mè thể thao cao cấp, vải mềm, cực kỳ mịn và mát. In tên số, logo theo yêu cầu, 1 bộ cũng in Giao hàng tận nơi, kiểm tra hàng vừa ý mới thanh toán', 6),
(52, 'Áo Đội Tuyển Croatia', 'DT21', 119000, 45, 'images/ao37.jpg', 'Áo bóng đá với chất liệu vải polyester thun thể thao cao cấp, siêu nhẹ và thoáng mát, thấm hút mồ hôi tốt, thoải mái vận động, chơi thể thao, đá bóng trong thời gian dài. Phù hợp với tất cả các bộ môn thể thao như bóng đá, bóng chuyền, chạy bộ…', 6),
(53, ' Áo CLB Leicester City', 'CLB17', 120000, 50, 'images/ao38.jpg', 'Áo bóng đá với chất liệu vải polyester thun thể thao cao cấp, siêu nhẹ và thoáng mát, thấm hút mồ hôi tốt, thoải mái vận động, chơi thể thao, đá bóng trong thời gian dài. Phù hợp với tất cả các bộ môn thể thao như bóng đá, bóng chuyền, chạy bộ…', 1),
(54, 'Áo Đội Tuyển Pháp', 'DT22', 120000, 50, 'images/ao39.jpg', 'Áo bóng đá với chất liệu vải polyester thun thể thao cao cấp, siêu nhẹ và thoáng mát, thấm hút mồ hôi tốt, thoải mái vận động, chơi thể thao, đá bóng trong thời gian dài. Phù hợp với tất cả các bộ môn thể thao như bóng đá, bóng chuyền, chạy bộ…', 6),
(55, 'Áo CLB As Roma', 'CLB18', 115000, 45, 'images/ao40.jpg', 'Áo bóng đá với chất liệu vải polyester thun thể thao cao cấp, siêu nhẹ và thoáng mát, thấm hút mồ hôi tốt, thoải mái vận động, chơi thể thao, đá bóng trong thời gian dài. Phù hợp với tất cả các bộ môn thể thao như bóng đá, bóng chuyền, chạy bộ…', 1),
(56, 'Áo Đội Tuyển Croatia', 'DT23', 119000, 70, 'images/ao41.jpg', 'Áo bóng đá với chất liệu vải polyester thun thể thao cao cấp, siêu nhẹ và thoáng mát, thấm hút mồ hôi tốt, thoải mái vận động, chơi thể thao, đá bóng trong thời gian dài. Phù hợp với tất cả các bộ môn thể thao như bóng đá, bóng chuyền, chạy bộ…', 6),
(57, 'Áo Đội Tuyển Argentina', 'DT24', 120000, 85, 'images/ao42.jpg', 'Áo bóng đá với chất liệu vải polyester thun thể thao cao cấp, siêu nhẹ và thoáng mát, thấm hút mồ hôi tốt, thoải mái vận động, chơi thể thao, đá bóng trong thời gian dài. Phù hợp với tất cả các bộ môn thể thao như bóng đá, bóng chuyền, chạy bộ…', 7),
(58, 'Áo Đội Tuyển Italia', 'DT25', 105000, 45, 'images/ao43.jpg', 'Áo bóng đá với chất liệu vải polyester thun thể thao cao cấp, siêu nhẹ và thoáng mát, thấm hút mồ hôi tốt, thoải mái vận động, chơi thể thao, đá bóng trong thời gian dài. Phù hợp với tất cả các bộ môn thể thao như bóng đá, bóng chuyền, chạy bộ…', 6),
(59, 'Áo Đội Tuyển Bỉ', 'DT25', 110000, 70, 'images/ao44.jpg', 'Áo bóng đá với chất liệu vải polyester thun thể thao cao cấp, siêu nhẹ và thoáng mát, thấm hút mồ hôi tốt, thoải mái vận động, chơi thể thao, đá bóng trong thời gian dài. Phù hợp với tất cả các bộ môn thể thao như bóng đá, bóng chuyền, chạy bộ…', 6),
(60, 'Áo Tuyển Anh', 'DT26', 120000, 80, 'images/ao45.jpg', 'Áo bóng đá với chất liệu vải polyester thun thể thao cao cấp, siêu nhẹ và thoáng mát, thấm hút mồ hôi tốt, thoải mái vận động, chơi thể thao, đá bóng trong thời gian dài. Phù hợp với tất cả các bộ môn thể thao như bóng đá, bóng chuyền, chạy bộ…', 6),
(61, 'Áo CLB Manchester City', 'CLB19', 115000, 85, 'images/ao46.jpg', 'Áo bóng đá với chất liệu vải polyester thun thể thao cao cấp, siêu nhẹ và thoáng mát, thấm hút mồ hôi tốt, thoải mái vận động, chơi thể thao, đá bóng trong thời gian dài. Phù hợp với tất cả các bộ môn thể thao như bóng đá, bóng chuyền, chạy bộ…', 1),
(62, 'Áo Đội Tuyển Mexico', 'DT27', 115000, 45, 'images/ao47.jpg', 'Áo bóng đá với chất liệu vải polyester thun thể thao cao cấp, siêu nhẹ và thoáng mát, thấm hút mồ hôi tốt, thoải mái vận động, chơi thể thao, đá bóng trong thời gian dài. Phù hợp với tất cả các bộ môn thể thao như bóng đá, bóng chuyền, chạy bộ…', 7),
(63, 'Áo CLB Dortmund ', 'CLB20', 129000, 100, 'images/ao48.jpg', 'Áo bóng đá với chất liệu vải polyester thun thể thao cao cấp, siêu nhẹ và thoáng mát, thấm hút mồ hôi tốt, thoải mái vận động, chơi thể thao, đá bóng trong thời gian dài. Phù hợp với tất cả các bộ môn thể thao như bóng đá, bóng chuyền, chạy bộ…', 1),
(64, 'Giày Sân Cỏ Nhân Tạo Mizu', 'GIAY01', 260000, 120, 'images/giay1.jpg', 'Giày Đá Banh đế cao su chuyên dành cho sân cỏ nhân tạo giúp bám sân tốt hơn và cực kỳ nhẹ giúp bạn di chuyển linh hoạt hơn. Form giày ôm giúp dễ dàng kiểm soát bóng, tăng lực sút tối đa. Cổ giày vải êm, hút mồ hôi tốt không lo bị phồng rộp. Keo giày được gia cố thêm đường may chắc chắn (đã khâu mũi).', 4),
(65, 'Giày Sân Cỏ Nhân Tạo Mizu', 'GIAY02', 260000, 70, 'images/giay2.jpg', 'Giày Đá Banh đế cao su chuyên dành cho sân cỏ nhân tạo giúp bám sân tốt hơn và cực kỳ nhẹ giúp bạn di chuyển linh hoạt hơn. Form giày ôm giúp dễ dàng kiểm soát bóng, tăng lực sút tối đa. Cổ giày vải êm, hút mồ hôi tốt không lo bị phồng rộp. Keo giày được gia cố thêm đường may chắc chắn (đã khâu mũi).', 4),
(66, 'Giày Futsal Winbro Mizu', 'GIAY03', 270000, 90, 'images/giay3.jpg', 'Giày Đá Banh đế cao su chuyên dành cho sân cỏ nhân tạo giúp bám sân tốt hơn và cực kỳ nhẹ giúp bạn di chuyển linh hoạt hơn. Form giày ôm giúp dễ dàng kiểm soát bóng, tăng lực sút tối đa. Cổ giày vải êm, hút mồ hôi tốt không lo bị phồng rộp. Keo giày được gia cố thêm đường may chắc chắn (đã khâu mũi).', 4),
(67, 'Giày TF Mizuno', 'GIAY04', 300000, 50, 'images/giay4.jpg', 'Giày Đá Banh đế cao su chuyên dành cho sân cỏ nhân tạo giúp bám sân tốt hơn và cực kỳ nhẹ giúp bạn di chuyển linh hoạt hơn. Form giày ôm giúp dễ dàng kiểm soát bóng, tăng lực sút tối đa. Cổ giày vải êm, hút mồ hôi tốt không lo bị phồng rộp. Keo giày được gia cố thêm đường may chắc chắn (đã khâu mũi).', 4),
(68, 'Giày IC Mizuno', 'GIAY05', 250000, 45, 'images/giay5.jpg', 'Giày Đá Banh đế cao su chuyên dành cho sân cỏ nhân tạo giúp bám sân tốt hơn và cực kỳ nhẹ giúp bạn di chuyển linh hoạt hơn. Form giày ôm giúp dễ dàng kiểm soát bóng, tăng lực sút tối đa. Cổ giày vải êm, hút mồ hôi tốt không lo bị phồng rộp. Keo giày được gia cố thêm đường may chắc chắn (đã khâu mũi).', 4),
(69, 'Giày TF Mizuno', 'GIAY06', 265000, 100, 'images/giay6.jpg', 'Giày Đá Banh đế cao su chuyên dành cho sân cỏ nhân tạo giúp bám sân tốt hơn và cực kỳ nhẹ giúp bạn di chuyển linh hoạt hơn. Form giày ôm giúp dễ dàng kiểm soát bóng, tăng lực sút tối đa. Cổ giày vải êm, hút mồ hôi tốt không lo bị phồng rộp. Keo giày được gia cố thêm đường may chắc chắn (đã khâu mũi).', 4),
(70, 'Giày Mer Speed', 'GIAY07', 250000, 50, 'images/giay7.jpg', 'Giày Đá Banh đế cao su chuyên dành cho sân cỏ nhân tạo giúp bám sân tốt hơn và cực kỳ nhẹ giúp bạn di chuyển linh hoạt hơn. Form giày ôm giúp dễ dàng kiểm soát bóng, tăng lực sút tối đa. Cổ giày vải êm, hút mồ hôi tốt không lo bị phồng rộp. Keo giày được gia cố thêm đường may chắc chắn (đã khâu mũi).', 4),
(71, 'Giày Cổ Cao Xspeed', 'GIAY08', 260000, 50, 'images/giay8.jpg', 'Giày Đá Banh đế cao su chuyên dành cho sân cỏ nhân tạo giúp bám sân tốt hơn và cực kỳ nhẹ giúp bạn di chuyển linh hoạt hơn. Form giày ôm giúp dễ dàng kiểm soát bóng, tăng lực sút tối đa. Cổ giày vải êm, hút mồ hôi tốt không lo bị phồng rộp. Keo giày được gia cố thêm đường may chắc chắn (đã khâu mũi).', 4),
(72, 'Giày Cổ Cao Espeed', 'GIAY09', 265000, 85, 'images/giay9.jpg', 'Giày Đá Bóng đế đinh gai TF giúp bám sân tốt hơn và cực kỳ nhẹ giúp bạn di chuyển linh hoạt hơn. Form giày ôm giúp dễ dàng kiểm soát bóng, tăng lực sút tối đa. Cổ giày vải êm, hút mồ hôi tốt không lo bị phồng rộp. Keo giày được gia cố thêm đường may chắc chắn (đã khâu toàn bộ đế).', 4),
(73, 'Giày Cổ Cao Espeed', 'GIAY10', 290000, 65, 'images/giay10.jpg', 'Giày Đá Bóng đế đinh gai TF giúp bám sân tốt hơn và cực kỳ nhẹ giúp bạn di chuyển linh hoạt hơn. Form giày ôm giúp dễ dàng kiểm soát bóng, tăng lực sút tối đa. Cổ giày vải êm, hút mồ hôi tốt không lo bị phồng rộp. Keo giày được gia cố thêm đường may chắc chắn (đã khâu toàn bộ đế).', 4),
(74, 'Giày Winbro Mizu', 'GIAY11', 260000, 50, 'images/giay11.jpg', 'Giày Đá Bóng đế đinh gai TF giúp bám sân tốt hơn và cực kỳ nhẹ giúp bạn di chuyển linh hoạt hơn. Form giày ôm giúp dễ dàng kiểm soát bóng, tăng lực sút tối đa. Cổ giày vải êm, hút mồ hôi tốt không lo bị phồng rộp. Keo giày được gia cố thêm đường may chắc chắn (đã khâu toàn bộ đế).', 4),
(75, 'Giày Cổ Cao Xspeed', 'GIAY12', 290000, 45, 'images/giay12.jpg', 'Giày Đá Bóng đế đinh gai TF giúp bám sân tốt hơn và cực kỳ nhẹ giúp bạn di chuyển linh hoạt hơn. Form giày ôm giúp dễ dàng kiểm soát bóng, tăng lực sút tối đa. Cổ giày vải êm, hút mồ hôi tốt không lo bị phồng rộp. Keo giày được gia cố thêm đường may chắc chắn (đã khâu toàn bộ đế).', 4),
(76, 'Giày IC Super Sonic', 'GIAY13', 575000, 100, 'images/giay13.jpg', 'Giày Đá Bóng chính hãng PAN Thái Giày Đá Bóng đế cao su chuyên dành cho sân cỏ nhân tạo giúp bám sân tốt hơn và cực kỳ nhẹ giúp bạn di chuyển linh hoạt hơn. Form giày ôm giúp dễ dàng kiểm soát bóng, tăng lực sút tối đa. Cổ giày vải êm, hút mồ hôi tốt không lo bị phồng rộp. Keo giày được gia cố thêm đường may chắc chắn', 4),
(77, 'Giày TF Super Sonic', 'GIAY14', 575000, 70, 'images/giay14.jpg', 'Giày Đá Bóng chính hãng PAN Thái Giày Đá Bóng đế cao su chuyên dành cho sân cỏ nhân tạo giúp bám sân tốt hơn và cực kỳ nhẹ giúp bạn di chuyển linh hoạt hơn. Form giày ôm giúp dễ dàng kiểm soát bóng, tăng lực sút tối đa. Cổ giày vải êm, hút mồ hôi tốt không lo bị phồng rộp. Keo giày được gia cố thêm đường may chắc chắn', 4),
(78, 'Giày TF Super Sonic', 'GIAY15', 575000, 70, 'images/giay15.jpg', 'Giày Đá Bóng chính hãng PAN Thái Giày Đá Bóng đế cao su chuyên dành cho sân cỏ nhân tạo giúp bám sân tốt hơn và cực kỳ nhẹ giúp bạn di chuyển linh hoạt hơn. Form giày ôm giúp dễ dàng kiểm soát bóng, tăng lực sút tối đa. Cổ giày vải êm, hút mồ hôi tốt không lo bị phồng rộp. Keo giày được gia cố thêm đường may chắc chắn', 4),
(79, 'Giày FG Super Sonic Boom', 'GIAY16', 485000, 75, 'images/giay16.jpg', 'Giày Đá Bóng chính hãng PAN Thái Giày Đá Bóng đế cao su chuyên dành cho sân cỏ nhân tạo giúp bám sân tốt hơn và cực kỳ nhẹ giúp bạn di chuyển linh hoạt hơn. Form giày ôm giúp dễ dàng kiểm soát bóng, tăng lực sút tối đa. Cổ giày vải êm, hút mồ hôi tốt không lo bị phồng rộp. Keo giày được gia cố thêm đường may chắc chắn', 4),
(80, 'Giày FG Super Sonic Boom', 'GIAY17', 485000, 50, 'images/giay17.jpg', 'Giày Đá Bóng chính hãng PAN Thái Giày Đá Bóng đế cao su chuyên dành cho sân cỏ nhân tạo giúp bám sân tốt hơn và cực kỳ nhẹ giúp bạn di chuyển linh hoạt hơn. Form giày ôm giúp dễ dàng kiểm soát bóng, tăng lực sút tối đa. Cổ giày vải êm, hút mồ hôi tốt không lo bị phồng rộp. Keo giày được gia cố thêm đường may chắc chắn', 4),
(81, 'Giày FG Super Sonic Boom', 'GIAY18', 485000, 45, 'images/giay18.jpg', 'Giày Đá Bóng chính hãng PAN Thái Giày Đá Bóng đế cao su chuyên dành cho sân cỏ nhân tạo giúp bám sân tốt hơn và cực kỳ nhẹ giúp bạn di chuyển linh hoạt hơn. Form giày ôm giúp dễ dàng kiểm soát bóng, tăng lực sút tối đa. Cổ giày vải êm, hút mồ hôi tốt không lo bị phồng rộp. Keo giày được gia cố thêm đường may chắc chắn', 4),
(82, 'Giày FG Super Sonic Boom', 'GIAY19', 485000, 45, 'images/giay19.jpg', 'Giày Đá Bóng chính hãng PAN Thái Giày Đá Bóng đế cao su chuyên dành cho sân cỏ nhân tạo giúp bám sân tốt hơn và cực kỳ nhẹ giúp bạn di chuyển linh hoạt hơn. Form giày ôm giúp dễ dàng kiểm soát bóng, tăng lực sút tối đa. Cổ giày vải êm, hút mồ hôi tốt không lo bị phồng rộp. Keo giày được gia cố thêm đường may chắc chắn', 4),
(83, 'Giày FG Super Sonic Boom', 'GIAY20', 485000, 40, 'images/giay20.jpg', 'Giày Đá Bóng chính hãng PAN Thái Giày Đá Bóng đế cao su chuyên dành cho sân cỏ nhân tạo giúp bám sân tốt hơn và cực kỳ nhẹ giúp bạn di chuyển linh hoạt hơn. Form giày ôm giúp dễ dàng kiểm soát bóng, tăng lực sút tối đa. Cổ giày vải êm, hút mồ hôi tốt không lo bị phồng rộp. Keo giày được gia cố thêm đường may chắc chắn', 4),
(84, 'Giày Mira Ultra FTT', 'GIAY21', 500000, 90, 'images/giay21.jpg', 'Đế giày được làm từ cao su SIÊU BỀN kết hợp với đinh dăm hình thoi có kích thước to nhỏ khác nhau giúp bám sân cực chắc, bạn sẽ không còn lo ngại các vấn đề như sân ẩm ướt hay trơn trượt khi sử dụng. Chính nhờ vào kích thước khác nhau của đinh dăm nên các cú đón gót tiếp xúc với mặt sân vô cùng hoàn hảo. Giày Mira PTT12 được may viền rất chắc chắn khi sử dụng Điểm nhấn giày PTT12 đi cùng quần áo đấu PTT12 được in sắc xảo cùng chữ kí PHAN TUẤN TÀI trên giày và quần áo đấu.', 4),
(85, 'Giày Mira Ultra PTT', 'GIAY22', 500000, 55, 'images/giay22.jpg', 'Đế giày được làm từ cao su SIÊU BỀN kết hợp với đinh dăm hình thoi có kích thước to nhỏ khác nhau giúp bám sân cực chắc, bạn sẽ không còn lo ngại các vấn đề như sân ẩm ướt hay trơn trượt khi sử dụng. Chính nhờ vào kích thước khác nhau của đinh dăm nên các cú đón gót tiếp xúc với mặt sân vô cùng hoàn hảo. Giày Mira PTT12 được may viền rất chắc chắn khi sử dụng Điểm nhấn giày PTT12 đi cùng quần áo đấu PTT12 được in sắc xảo cùng chữ kí PHAN TUẤN TÀI trên giày và quần áo đấu.', 4),
(86, 'Giày Mira Ultra PTT', 'GIAY23', 500000, 45, 'images/giay23.jpg', 'Đế giày được làm từ cao su SIÊU BỀN kết hợp với đinh dăm hình thoi có kích thước to nhỏ khác nhau giúp bám sân cực chắc, bạn sẽ không còn lo ngại các vấn đề như sân ẩm ướt hay trơn trượt khi sử dụng. Chính nhờ vào kích thước khác nhau của đinh dăm nên các cú đón gót tiếp xúc với mặt sân vô cùng hoàn hảo. Giày Mira PTT12 được may viền rất chắc chắn khi sử dụng Điểm nhấn giày PTT12 đi cùng quần áo đấu PTT12 được in sắc xảo cùng chữ kí PHAN TUẤN TÀI trên giày và quần áo đấu.', 4),
(87, 'Giày Hunter FG', 'GIAY24', 489000, 65, 'images/giay24.jpg', 'Đế giày được làm từ cao su SIÊU BỀN kết hợp với đinh dăm hình thoi có kích thước to nhỏ khác nhau giúp bám sân cực chắc, bạn sẽ không còn lo ngại các vấn đề như sân ẩm ướt hay trơn trượt khi sử dụng. Chính nhờ vào kích thước khác nhau của đinh dăm nên các cú đón gót tiếp xúc với mặt sân vô cùng hoàn hảo. Giày Mira PTT12 được may viền rất chắc chắn khi sử dụng Điểm nhấn giày PTT12 đi cùng quần áo đấu PTT12 được in sắc xảo cùng chữ kí PHAN TUẤN TÀI trên giày và quần áo đấu.', 4),
(88, 'Giày Hunter FG', 'GIAY25', 489000, 45, 'images/giay25.jpg', 'Giày Mira HUNTER đế đinh FG chuyên sân lớn, sân cỏ nhân tạo  Điểm đặc biệt của Mira HUNTER FG mà không phải giày đá bóng nào cũng có: Phần vỏ bao bọc bên ngoài của sản phẩm làm từ da Microfiber có đặc tính khá bền bỉ, chịu được nhiệt, có khả năng kháng khuẩn tốt, dễ dàng vệ sinh và lau chùi sạch sẽ. Phía bên trong giày có lớp lót mềm mại, thoáng khí. Chất liệu nhẹ và bền rất ôm chân cho cảm giác bóng tốt hơn. Màu sắc trẻ trung, bắt mắt tạo cảm giác mới lạ cho người dùng.', 4),
(89, 'Giày Hunter FG', 'GIAY26', 489000, 55, 'images/giay26.jpg', 'Giày Mira HUNTER đế đinh FG chuyên sân lớn, sân cỏ nhân tạo  Điểm đặc biệt của Mira HUNTER FG mà không phải giày đá bóng nào cũng có: Phần vỏ bao bọc bên ngoài của sản phẩm làm từ da Microfiber có đặc tính khá bền bỉ, chịu được nhiệt, có khả năng kháng khuẩn tốt, dễ dàng vệ sinh và lau chùi sạch sẽ. Phía bên trong giày có lớp lót mềm mại, thoáng khí. Chất liệu nhẹ và bền rất ôm chân cho cảm giác bóng tốt hơn. Màu sắc trẻ trung, bắt mắt tạo cảm giác mới lạ cho người dùng.', 4),
(90, 'Giày Hunter FG', 'GIAY27', 489000, 30, 'images/giay27.jpg', 'Giày Mira HUNTER đế đinh FG chuyên sân lớn, sân cỏ nhân tạo  Điểm đặc biệt của Mira HUNTER FG mà không phải giày đá bóng nào cũng có: Phần vỏ bao bọc bên ngoài của sản phẩm làm từ da Microfiber có đặc tính khá bền bỉ, chịu được nhiệt, có khả năng kháng khuẩn tốt, dễ dàng vệ sinh và lau chùi sạch sẽ. Phía bên trong giày có lớp lót mềm mại, thoáng khí. Chất liệu nhẹ và bền rất ôm chân cho cảm giác bóng tốt hơn. Màu sắc trẻ trung, bắt mắt tạo cảm giác mới lạ cho người dùng.', 4),
(91, 'Giày Stax+', 'GIAY28', 450000, 25, 'images/giay28.jpg', 'Thương hiệu: Iwin Đế giày: Cao su dai, đế bền chắc Suất xứ: Sản xuất tại Việt Nam Giày Đá Bóng đế cao su chuyên dành cho sân cỏ nhân tạo giúp bám sân tốt hơn và cực kỳ nhẹ giúp bạn di chuyển linh hoạt hơn. Form giày ôm giúp dễ dàng kiểm soát bóng, tăng lực sút tối đa. Cổ giày vải êm, hút mồ hôi tốt không lo bị phồng rộp.', 4),
(92, 'Giày Stax+', 'GIAY29', 450000, 25, 'images/giay29.jpg', 'Thương hiệu: Iwin Đế giày: Cao su dai, đế bền chắc Suất xứ: Sản xuất tại Việt Nam Giày Đá Bóng đế cao su chuyên dành cho sân cỏ nhân tạo giúp bám sân tốt hơn và cực kỳ nhẹ giúp bạn di chuyển linh hoạt hơn. Form giày ôm giúp dễ dàng kiểm soát bóng, tăng lực sút tối đa. Cổ giày vải êm, hút mồ hôi tốt không lo bị phồng rộp.', 4),
(93, 'Giày Stax+', 'GIAY30', 450000, 45, 'images/giay30.jpg', 'Thương hiệu: Iwin Đế giày: Cao su dai, đế bền chắc Suất xứ: Sản xuất tại Việt Nam Giày Đá Bóng đế cao su chuyên dành cho sân cỏ nhân tạo giúp bám sân tốt hơn và cực kỳ nhẹ giúp bạn di chuyển linh hoạt hơn. Form giày ôm giúp dễ dàng kiểm soát bóng, tăng lực sút tối đa. Cổ giày vải êm, hút mồ hôi tốt không lo bị phồng rộp.', 4),
(94, 'Giày Stax+', 'GIAY31', 450000, 35, 'images/giay31.jpg', 'Thương hiệu: Iwin Đế giày: Cao su dai, đế bền chắc Suất xứ: Sản xuất tại Việt Nam Giày Đá Bóng đế cao su chuyên dành cho sân cỏ nhân tạo giúp bám sân tốt hơn và cực kỳ nhẹ giúp bạn di chuyển linh hoạt hơn. Form giày ôm giúp dễ dàng kiểm soát bóng, tăng lực sút tối đa. Cổ giày vải êm, hút mồ hôi tốt không lo bị phồng rộp.', 4),
(95, 'Kim Bơm Bóng', 'PK13', 2000, 200, 'images/pk13.jpg', 'Kim bơm bóng chất lượng cao được làm từ thép không rỉ', 5),
(96, 'Bó Gối PJ', 'PK14', 37000, 90, 'images/pk14.jpg', 'Bó gối cao cấp thân thiện với môi trường có thể giặc và tái sử dụng nhiều lần', 5),
(97, 'Bó Gối PJ ', 'PK15', 55000, 60, 'images/pk15.jpg', 'Bó gối cao cấp thân thiện với môi trường có thể giặc và tái sử dụng nhiều lần', 5),
(98, 'Túi Đựng Giày Bulbal Collector', 'PK16', 145000, 10, 'images/pk16.jpg', 'Túi đựng giày cao cấp dày dặn đường may rất tinh xảo không gian rộng rải có thể để được nhiều đôi giày', 5),
(99, 'Túi Đựng Giày Akka Clima Cool', 'PK17', 155000, 15, 'images/pk17.jpg', 'Túi đựng giày cao cấp dày dặn đường may rất tinh xảo không gian rộng rải có thể để được nhiều đôi giày', 5),
(100, 'Băng Khuỷu Tay J603', 'PK18', 40000, 100, 'images/pk18.jpg', 'Băng khuỷu tay J603 làm từ vải cao cấp có thể giặc và tái sử dụng nhiều lần', 5),
(101, 'Vớ Bắp Chân PJ955', 'PK29', 58000, 90, 'images/pk19.jpg', 'Vớ bắp chân được làm từ vải cao cấp giúp ôm xát bắp chân mà không gay cảm giác khó chịu cho người sử dụng, vớ có thể giặc và sử dụng nhiều lần', 5),
(102, 'Còi Fox 40', 'PK20', 60000, 20, 'images/pk20.jpg', 'Còi được làm từ nhựa cao cấp không độc hại phát ra âm thanh tốt và trên mỗi chiếc còi được tặng kèm một dây đeo rất tiện lợi', 5),
(103, 'Còi Fox 40', 'PK21', 25000, 10, 'images/pk21.jpg', 'Còi được làm từ nhựa cao cấp không độc hại phát ra âm thanh tốt và trên mỗi chiếc còi được tặng kèm một dây đeo rất tiện lợi', 5),
(104, 'Băng Đội Trưởng', 'PK22', 20000, 10, 'images/pk22.jpg', 'Băng đội trưởng được làm từ vải tun cao cấp giúp ôm xát cánh tay mà không gây cảm giác khó chịu', 5),
(105, 'Bó Cổ Tay Dán PJ', 'PK23', 40000, 50, 'images/pk23.jpg', 'Bó cổ tai dán PJ rất tiện lợi khi sử dụng sản phẩm được gia công tỉ mĩ và có khả năng tái sử dụng nhiều lần', 5),
(106, 'Thẻ Trọng Tài', 'PK24', 27000, 15, 'images/pk24.jpg', 'Thẻ trọng tài được làm từ nhựa cứng cao cấp và được tặng kèm túi đựng thẻ tiện lợi', 5),
(107, 'Bọc Ống Đồng Rote Akka Lite Pro', 'PK25', 70000, 35, 'images/pk25.jpg', 'Bọc ống đồng Rote Akka Lite Pro được làm từ nguyên liệu cao cấp giúp bảo vệ ổng đồng trong những pha bóng nguy hiểm', 5),
(108, 'Bó Gót Dán PJ704', 'PK26', 110000, 50, 'images/pk26.jpg', 'Bó gót dán PJ704 đuwocj làm từ vải thun cao cấp và có thể tái sử dụng khoảng 10 lần', 5),
(109, 'Găng Tay Gym Winstar', 'PK27', 185000, 20, 'images/pk27.jpg', 'Chất liệu: Nylon cao cấp+ Silicon.  Thiết kế găng tay dạng nửa ngón, hiện đại, đẹp mắt', 5),
(110, 'Găng Tay Thủ Môn Keepa', 'PK28', 285000, 25, 'images/pk28.jpg', 'Chất liệu da PU có độ bền cao Cảm giác bóng tốt, giúp kiểm soát bóng dễ dàng với mặt cắt hybrid hiện đại. Khung xương bảo vệ 4 ngón trừ ngón cái không có xương đem lại cảm giác bóng tốt khi ném bóng phát động tấn công. Thun quấn cổ tay co dãn mang lại độ ôm chắc chắn cho cổ tay mà không quá chật.', 5),
(111, 'Găng Tay Thủ Môn Keepa', 'PK29', 255000, 15, 'images/pk29.jpg', 'Chất liệu da PU có độ bền cao Cảm giác bóng tốt, giúp kiểm soát bóng dễ dàng với mặt cắt hybrid hiện đại. Khung xương bảo vệ 4 ngón trừ ngón cái không có xương đem lại cảm giác bóng tốt khi ném bóng phát động tấn công. Thun quấn cổ tay co dãn mang lại độ ôm chắc chắn cho cổ tay mà không quá chật.', 5),
(112, 'Quả Bóng Đá Động Lực UM135M', 'PK30', 195000, 25, 'images/pk30.jpg', 'Chu vi (mm): 680-700 Trọng lượng (gram): 400-450 Size số 5 phù hợp sân 5 và sân 11 Bóng có cấu tạo nhiều lớp, ruột làm bằng cao su cao cấp, giữ hơi tốt.', 5),
(113, 'Quả Bóng Đá Ngoại Hạng Anh', 'PK31', 360000, 10, 'images/pk31.jpg', 'Vỏ bóng làm từ chất liệu da PU cực bền và nhẹ, bóng được đúc chuẩn hoàn toàn tinh xảo Kích cỡ size 5 khá phổ biến, thích hợp để đá trên các sân bóng lớn. Hoa văn đẹp mắt, bóng tròn đều, màu sắc trẻ trung, ấn tượng. Giao hàng tận nơi, kiểm tra hàng vừa ý mới thanh toán', 5),
(114, 'Quả Bóng Đá Ngoại Hạng Anh', 'PK32', 360000, 10, 'images/pk32.jpg', 'Vỏ bóng làm từ chất liệu da PU cực bền và nhẹ, bóng được đúc chuẩn hoàn toàn tinh xảo Kích cỡ size 5 khá phổ biến, thích hợp để đá trên các sân bóng lớn. Hoa văn đẹp mắt, bóng tròn đều, màu sắc trẻ trung, ấn tượng. Giao hàng tận nơi, kiểm tra hàng vừa ý mới thanh toán', 5),
(115, 'Quả Bóng Đá Chung Kết C1 Instanbul', 'PK33', 360000, 8, 'images/pk33.jpg', 'Vỏ bóng làm từ chất liệu da PU cực bền và nhẹ, bóng được đúc chuẩn hoàn toàn tinh xảo Kích cỡ size 5 khá phổ biến, thích hợp để đá trên các sân bóng lớn. Hoa văn đẹp mắt, bóng tròn đều, màu sắc trẻ trung, ấn tượng. Giao hàng tận nơi, kiểm tra hàng vừa ý mới thanh toán', 5),
(116, 'Vớ Bóng Đá Dài ', 'PK34', 22000, 80, 'images/pk34.jpg', 'Pattern/ Họa tiết: Vớ bóng đá Thiết kế phong cách tối giản hiện đại, năng động Style/ Phong cách: Thường ngày – Thể thao Color/ Màu sắc: Đen Fabric/ Chất liệu: Vải chuyên dụng thể thao', 5),
(117, 'Vớ Chống Trượt Dài', 'PK35', 49000, 50, 'images/pk35.jpg', 'Tất được làm từ vải cao cấp và dày, mang rất êm chân và thoải mái. Hỗ trợ chống trơn trượt, hạn chế tối đa chấn thương lật cổ chân trong khi chơi. Tất chống trơn được thiết kế phủ lên bề mặt với các miếng cao su nhỏ hình vuông rãi đều trên mặt tất làm tăng độ ma sát tất với giày.', 5),
(118, 'Vớ Chống Trượt Ngắn', 'PK36', 35000, 45, 'images/pk36.jpg', 'Tất được làm từ vải cao cấp và dày, mang rất êm chân và thoải mái. Hỗ trợ chống trơn trượt, hạn chế tối đa chấn thương lật cổ chân trong khi chơi. Tất chống trơn được thiết kế phủ lên bề mặt với các miếng cao su nhỏ hình vuông rãi đều trên mặt tất làm tăng độ ma sát tất với giày.', 5),
(121, 'Áo CLB Manchester City', 'CLB20', 110000, 50, 'images/ao49.jpg', 'Áo bóng đá với chất liệu vải polyester thun thể thao cao cấp, siêu nhẹ và thoáng mát, thấm hút mồ hôi tốt, thoải mái vận động, chơi thể thao, đá bóng trong thời gian dài. Phù hợp với tất cả các bộ môn thể thao như bóng đá, bóng chuyền, chạy bộ…', 1),
(122, 'Áo CLB Miami', 'CLB21', 119000, 60, 'images/ao50.jpg', 'Áo bóng đá với chất liệu vải polyester thun thể thao cao cấp, siêu nhẹ và thoáng mát, thấm hút mồ hôi tốt, thoải mái vận động, chơi thể thao, đá bóng trong thời gian dài. Phù hợp với tất cả các bộ môn thể thao như bóng đá, bóng chuyền, chạy bộ…', 1),
(123, 'Áo CLB TP Hồ Chí Minh', 'CLB22', 100000, 100, 'images/ao51.jpg', 'Tất cả đều có ưu điểm là Mềm, Thoáng, Thấm hút mồ hôi cực tốt nên quý khách hàng sẽ luôn đảm bảo yên tâm sử dụng trong các hoạt động thể thao trong nhà cũng như ngoài trời  Shop cam kết sản phẩm đúng chất lượng và đúng mẫu mã', 2),
(124, 'Áo CLB TP Hồ Chí Minh', 'CLB23', 100000, 100, 'images/ao52.jpg', 'Tất cả đều có ưu điểm là Mềm, Thoáng, Thấm hút mồ hôi cực tốt nên quý khách hàng sẽ luôn đảm bảo yên tâm sử dụng trong các hoạt động thể thao trong nhà cũng như ngoài trời  Shop cam kết sản phẩm đúng chất lượng và đúng mẫu mã', 2),
(125, 'Áo CLB TP Hồ Chí Minh', 'CLB24', 100000, 100, 'images/ao53.jpg', 'Tất cả đều có ưu điểm là Mềm, Thoáng, Thấm hút mồ hôi cực tốt nên quý khách hàng sẽ luôn đảm bảo yên tâm sử dụng trong các hoạt động thể thao trong nhà cũng như ngoài trời  Shop cam kết sản phẩm đúng chất lượng và đúng mẫu mã', 2),
(126, 'Áo CLB Hoàng Anh Gia Lai', 'CLB25', 119000, 45, 'images/ao54.jpg', 'Tất cả đều có ưu điểm là Mềm, Thoáng, Thấm hút mồ hôi cực tốt nên quý khách hàng sẽ luôn đảm bảo yên tâm sử dụng trong các hoạt động thể thao trong nhà cũng như ngoài trời  Shop cam kết sản phẩm đúng chất lượng và đúng mẫu mã', 2),
(127, 'Áo CLB Hoàng Anh Gia Lai', 'CLB26', 119000, 45, 'images/ao55.jpg', 'Tất cả đều có ưu điểm là Mềm, Thoáng, Thấm hút mồ hôi cực tốt nên quý khách hàng sẽ luôn đảm bảo yên tâm sử dụng trong các hoạt động thể thao trong nhà cũng như ngoài trời  Shop cam kết sản phẩm đúng chất lượng và đúng mẫu mã', 2),
(128, 'CLB Hà Nội ', 'CLB27', 120000, 90, 'images/ao56.jpg', 'Tất cả đều có ưu điểm là Mềm, Thoáng, Thấm hút mồ hôi cực tốt nên quý khách hàng sẽ luôn đảm bảo yên tâm sử dụng trong các hoạt động thể thao trong nhà cũng như ngoài trời  Shop cam kết sản phẩm đúng chất lượng và đúng mẫu mã', 2),
(129, 'Áo CLB Viettel', 'CLB28', 110000, 55, 'images/ao57.jpg', 'Tất cả đều có ưu điểm là Mềm, Thoáng, Thấm hút mồ hôi cực tốt nên quý khách hàng sẽ luôn đảm bảo yên tâm sử dụng trong các hoạt động thể thao trong nhà cũng như ngoài trời  Shop cam kết sản phẩm đúng chất lượng và đúng mẫu mã', 2);

-- --------------------------------------------------------

--
-- Table structure for table `tb_khuyenmai`
--

CREATE TABLE `tb_khuyenmai` (
  `id_khuyenmai` int(11) NOT NULL,
  `tenchuongtrinh` varchar(100) NOT NULL,
  `mota` text NOT NULL,
  `noidung` text NOT NULL,
  `ngaybatdau` date NOT NULL,
  `ngayketthuc` date NOT NULL,
  `giatrikm` double NOT NULL,
  `id_danhmuc` int(11) NOT NULL,
  `hinhanh` text NOT NULL,
  `anhnoidung` text NOT NULL
) ENGINE=InnoDB DEFAULT CHARSET=utf8mb4 COLLATE=utf8mb4_general_ci;

--
-- Dumping data for table `tb_khuyenmai`
--

INSERT INTO `tb_khuyenmai` (`id_khuyenmai`, `tenchuongtrinh`, `mota`, `noidung`, `ngaybatdau`, `ngayketthuc`, `giatrikm`, `id_danhmuc`, `hinhanh`, `anhnoidung`) VALUES
(1, '<h3>Mua 1 tặng 1 - Áo CLB<h3>', '<p>Khi mua 1 bộ áo CLB bất kỳ, khách hàng sẽ được tặng 1 bộ áo ĐTQG tự chọn.</p>', '<p>Chào mừng quý khách đến với KP Sport Shop! Chúng tôi tự hào là địa chỉ uy tín và chất lượng hàng đầu trong lĩnh vực cung cấp các sản phẩm thể thao, đặc biệt là các bộ áo CLB.</p>\r\n\r\n<p>Để tri ân sự ủng hộ của khách hàng, hiện nay chỉ cần mua 1 bộ áo CLB bất kỳ, bạn sẽ được tặng ngay 1 bộ áo ĐTQG tự chọn. Không chỉ có được những sản phẩm chất lượng từ các CLB hàng đầu, bạn còn có cơ hội sở hữu áo của đội tuyển mà mình yêu thích miễn phí nữa đấy!</p> \r\n\r\n<img src=\"images/km1.1.jpg\" alt=\"\'. $row[\'tenchuongtrinh\'] . \'\">\r\n\r\n<p>Hãy đến với <a href=\"../index.php\">KP Sport Shop</a> để trải nghiệm các sản phẩm thể thao chất lượng và nhận ưu đãi hấp dẫn này ngay hôm nay!</p>', '2023-04-14', '2023-06-01', 0.3, 1, 'km1.jpg', 'km1.1.jpg'),
(2, '<h3>Xả kho giày</h3>', '<p>Mua 2 đôi giày bất kỳ, giảm 10% trên tổng giá trị hóa đơn.</p>', '<p>Bạn đang tìm kiếm một cửa hàng thể thao chuyên nghiệp và đáng tin cậy để mua giày thể thao? Hãy đến với KP Sport Shop, chúng tôi là địa chỉ uy tín cho những ai yêu thích hoạt động thể thao.</p>\r\n\r\n<p>Chúng tôi hiện đang có một ưu đãi hấp dẫn: khi mua bất kỳ hai đôi giày thể thao nào tại cửa hàng của chúng tôi, bạn sẽ được giảm 10% trên tổng giá trị hóa đơn. Đó là cách hoàn hảo để tiết kiệm chi phí cho những sản phẩm chất lượng cao của các thương hiệu nổi tiếng như Nike, Adidas, Puma và nhiều hơn nữa.</p>\r\n\r\n<img src=\"images/km2.1.jpg\" alt=\"\'. $row[\'tenchuongtrinh\'] . \'\">\r\n\r\n<p>Ngoài ra, KP Sport Shop cũng cam kết đem đến cho khách hàng những sản phẩm thể thao chất lượng nhất, cùng với dịch vụ tư vấn chuyên nghiệp và chu đáo. Với đội ngũ nhân viên giàu kinh nghiệm và nhiệt tình, chúng tôi luôn sẵn lòng hỗ trợ khách hàng trong việc lựa chọn sản phẩm phù hợp và tối ưu hóa trải nghiệm thể thao của mình.</p>\r\n\r\n<p>Hãy đến với <a href=\"../index,php\">KP Sport Shop</a> ngay hôm nay để sở hữu những đôi giày thể thao ưng ý và tận hưởng mức giá ưu đãi đặc biệt này!</p>', '2023-05-10', '2023-06-01', 0.1, 4, 'km2.jpg', 'km2.1.jpg'),
(3, '<h3>Giảm giá cho fan MU</h3>', '<p>Giảm giá 20% cho tất cả các chiếc áo bóng đá thuộc CLB Manchester United.</p>', '<p>Nếu bạn là fan của CLB Manchester United và đang tìm kiếm một cửa hàng thể thao chuyên nghiệp để mua áo bóng đá, hãy đến với KP Sport Shop. Chúng tôi cam kết mang đến cho khách hàng những sản phẩm chất lượng và giá cả phải chăng nhất.</p>\r\n\r\n<p>Hiện tại, KP Sport Shop đang có chương trình khuyến mãi đặc biệt: giảm giá 20% cho tất cả các chiếc áo bóng đá thuộc CLB Manchester United. Đây là cơ hội tuyệt vời để sở hữu những bộ trang phục bóng đá đẹp và chất lượng cao của CLB mà không lo về giá.</p>\r\n\r\n<img src=\"images/km3.1.jpg\" alt=\"\'. $row[\'tenchuongtrinh\'] . \'\">\r\n\r\n<p>Ngoài ra, KP Sport Shop cũng cung cấp đa dạng các sản phẩm thể thao khác như giày thể thao, quần áo thể thao, phụ kiện và nhiều hơn nữa. Với đội ngũ nhân viên giàu kinh nghiệm và thân thiện, chúng tôi sẽ giúp bạn tìm kiếm những sản phẩm phù hợp nhất với nhu cầu và sở thích của mình.</p>\r\n\r\n<p>Hãy ghé thăm <a href=\"../index.php\">KP Sport Shop</a> ngay hôm nay để mua các sản phẩm thể thao chất lượng và tận hưởng ưu đãi giảm giá đặc biệt cho áo bóng đá CLB Manchester United!</p>', '2023-05-01', '2023-06-01', 0.2, 1, 'km3.png\r\n', 'km3.1.jpg'),
(4, '<h3>Giày bóng đá Puma</h3>', '<p>Mua một đôi giày bóng đá Puma, tặng ngay một bóng đá Puma cao cấp.</p>', '<p>Nếu bạn đang tìm một cửa hàng thể thao chuyên nghiệp để mua giày bóng đá Puma, hãy đến với KP Sport Shop! Tại đây, chúng tôi cung cấp đa dạng các sản phẩm thể thao có chất lượng cao và giá cả phải chăng.</p>\r\n\r\n<p>Đặc biệt, khi mua một đôi giày bóng đá Puma tại KP Sport Shop, bạn sẽ nhận ngay một bóng đá Puma cao cấp miễn phí. Bởi vì chúng tôi muốn đảm bảo cho khách hàng của mình được trải nghiệm tối đa trong môn thể thao yêu thích của mình.</p>\r\n\r\n<img src=\"images/km4.1.jpg\" alt=\"\'. $row[\'tenchuongtrinh\'] . \'\">\r\n\r\n<p>Hơn nữa, với đội ngũ nhân viên giàu kinh nghiệm và thân thiện của chúng tôi, bạn có thể yên tâm rằng sẽ được tư vấn và hỗ trợ tốt nhất khi mua sắm tại KP Sport Shop.</p>\r\n\r\n<p>Hãy ghé qua <a href=\"../index.php\">KP Sport Shop</a> của chúng tôi ngay hôm nay để tận hưởng ưu đãi hấp dẫn này và sở hữu một đôi giày bóng đá Puma chất lượng cao nhất!</p>', '2023-05-01', '2023-06-01', 0.2, 4, 'km4.jpeg', 'km4.1.jpg'),
(5, '<h3>Mua phụ kiện giảm giá SỐC!!</h3>', '<p>Giảm giá 50.000 đồng cho tất cả các sản phẩm phụ kiện bóng đá (găng tay, kính mũ, tất,..) khi mua hóa đơn từ 500.000 đồng trở lên.</p>', '<p>Bạn đang tìm kiếm các sản phẩm phụ kiện bóng đá chất lượng để hoàn thiện trang phục bóng đá của mình? Nếu vậy, hãy đến với KP Sport Shop. Chúng tôi là cửa hàng thể thao chuyên nghiệp cung cấp đa dạng các sản phẩm phụ kiện bóng đá và các loại vật dụng cần thiết khác.</p>\r\n\r\n<p>Hiện nay, KP Sport Shop đang có chương trình khuyến mãi đặc biệt: giảm giá 50.000 đồng cho tất cả các sản phẩm phụ kiện bóng đá khi mua hóa đơn từ 500.000 đồng trở lên. Đây là cơ hội tuyệt vời để tiết kiệm chi phí và sở hữu những sản phẩm phụ kiện chất lượng cao như găng tay, kính mũ, tất và rất nhiều sản phẩm khác.</p>\r\n\r\n<img src=\"images/km5.1.jpg\" alt=\"\'. $row[\'tenchuongtrinh\'] . \'\">\r\n\r\n<p>Ngoài ra, KP Sport Shop cũng cam kết mang đến cho khách hàng những sản phẩm chất lượng nhất với mức giá cả phải chăng. Với đội ngũ nhân viên giàu kinh nghiệm và chu đáo, chúng tôi sẽ giúp bạn tìm kiếm những sản phẩm phù hợp với nhu cầu của mình và tối ưu hóa trải nghiệm thể thao của bạn.</p>\r\n\r\n<p>Hãy đến với <a href=\"../index.php\">KP Sport Shop</a> ngay hôm nay để mua các sản phẩm phụ kiện bóng đá chất lượng và tận hưởng ưu đãi giảm giá đặc biệt cho hóa đơn từ 500.000 đồng trở lên!</p>', '2023-04-30', '2023-06-01', 50000, 5, 'km5.jpg', 'km5.1.jpg'),
(6, '<h3>Quà tặng đặc biệt</h3>', '<p>Tặng miễn phí một túi đựng đồ thể thao cao cấp khi mua hóa đơn trị giá từ 1 triệu đồng trở lên.</p>', '<p>KP Sport Shop là cửa hàng thể thao chuyên nghiệp với đa dạng các sản phẩm thể thao chất lượng cao và giá cả phải chăng. Nếu bạn đang tìm kiếm một cửa hàng để mua sắm các sản phẩm thể thao cao cấp, hãy đến với chúng tôi.</p>\r\n\r\n<p>Hiện nay, KP Sport Shop có chương trình khuyến mãi đặc biệt: tặng miễn phí một túi đựng đồ thể thao cao cấp khi mua hóa đơn từ 1 triệu đồng trở lên. Đây là cơ hội để bạn sở hữu một chiếc túi đựng đồ thể thao chất lượng cao, giúp bạn dễ dàng mang theo các vật dụng cần thiết trong quá trình tập luyện và thi đấu.</p>\r\n\r\n<img src=\"images/km6.1.jpg\" alt=\"\'. $row[\'tenchuongtrinh\'] . \'\">\r\n\r\n<p>Ngoài ra, KP Sport Shop còn có các sản phẩm thể thao khác như giày thể thao, quần áo thể thao, phụ kiện và nhiều hơn nữa. Với đội ngũ nhân viên giàu kinh nghiệm và thân thiện, chúng tôi cam kết mang đến cho khách hàng những sản phẩm chất lượng nhất và dịch vụ tốt nhất.</p>\r\n\r\n<p>Hãy đến với <a href=\"../index.php\">KP Sport Shop</a> ngay hôm nay để mua sắm các sản phẩm thể thao chất lượng và nhận ngay túi đựng đồ thể thao cao cấp miễn phí khi mua hóa đơn từ 1 triệu đồng trở lên!</p>', '2023-04-30', '2023-06-01', 350000, 5, 'km6.jpg', 'km6.1.jpg'),
(7, '<h3>Đội bóng yêu thích</h3>', '<p>Giảm giá 20% cho tất cả các sản phẩm áo bóng đá trong tuần này.</p>', '<p>Nếu bạn là người yêu thích bóng đá và đang tìm kiếm một cửa hàng thể thao chuyên nghiệp để mua giày bóng đá chất lượng, hãy đến với KP Sport Shop. Chúng tôi cam kết mang đến cho khách hàng những sản phẩm giày bóng đá chất lượng cao và phù hợp với mọi nhu cầu.</p>\r\n\r\n<p>Trong tuần này, KP Sport Shop có chương trình khuyến mãi đặc biệt: giảm giá 20% cho tất cả các sản phẩm áo bóng đá. Đây là cơ hội để bạn sở hữu những bộ áo bóng đá chất lượng cao của các CLB nổi tiếng như Real Marrid, Manchester City, PSG và rất nhiều CLB khác với mức giá cực kỳ hấp dẫn.</p>\r\n\r\n<img src=\"images/km7.1.jpg\" alt=\". $row[\'tenchuongtrinh\'] . \">\r\n\r\n<p>Ngoài ra, KP Sport Shop còn cung cấp đa dạng các sản phẩm thể thao khác như quần áo thể thao, phụ kiện và nhiều hơn nữa. Với đội ngũ nhân viên giàu kinh nghiệm và thân thiện, chúng tôi sẽ giúp bạn tìm kiếm những sản phẩm phù hợp với nhu cầu của mình và tối ưu hóa trải nghiệm thể thao của bạn.</p>\r\n\r\n<p>Hãy đến với <a href=\"../index.php\">KP Sport Shop</a> ngay hôm nay để mua sắm các sản phẩm giày bóng đá chất lượng và tận hưởng ưu đãi giảm giá đặc biệt trong tuần này!</p>', '2023-04-14', '2023-06-01', 0.2, 1, 'km7.jpg', 'km7.1.jpg'),
(8, '<h3>Khuyến mãi mùa World Cup</h3>', '<p>Khi mua bất kỳ chiếc áo đấu World Cup trong khoảng thời gian khuyến mãi, bạn sẽ nhận được 1 món quà đặc biệt</p>', '<p>KP Sport Shop là cửa hàng thể thao chuyên nghiệp cung cấp đa dạng các sản phẩm áo đấu World Cup chất lượng cao và giá cả hợp lý. Nếu bạn đang tìm kiếm một cửa hàng để mua sắm các sản phẩm áo đấu World Cup, hãy đến với KP Sport Shop.</p>\r\n\r\n<p>Trong thời gian khuyến mãi này, khi mua bất kỳ chiếc áo đấu World Cup nào, bạn sẽ được nhận 1 món quà đặc biệt từ KP Sport Shop. Đây là cơ hội để bạn sở hữu những chiếc áo đấu chất lượng cao của các đội tuyển bóng đá nổi tiếng như Brazil, Argentina, Germany và rất nhiều đội tuyển khác cùng với món quà đặc biệt.</p>\r\n\r\n<img src=\"images/km8.1.jpg\" alt=\". $row[\'tenchuongtrinh\'] . \">\r\n\r\n<p>Ngoài ra, KP Sport Shop còn cung cấp đa dạng các sản phẩm thể thao khác như giày thể thao, quần áo thể thao, phụ kiện và nhiều hơn nữa. Với đội ngũ nhân viên giàu kinh nghiệm và thân thiện, chúng tôi cam kết mang đến cho khách hàng những sản phẩm chất lượng nhất và dịch vụ tốt nhất.</p>\r\n\r\n<p>Hãy đến với <a href=\"#\">KP Sport Shop</a> ngay hôm nay để mua sắm các sản phẩm áo đấu World Cup và nhận ngay món quà đặc biệt từ chúng tôi!</p>', '2023-04-19', '2023-06-01', 0.45, 6, 'km8.jpg', 'km8.1.jpg');

--
-- Indexes for dumped tables
--

--
-- Indexes for table `admin`
--
ALTER TABLE `admin`
  ADD PRIMARY KEY (`id_admin`);

--
-- Indexes for table `baiviet`
--
ALTER TABLE `baiviet`
  ADD PRIMARY KEY (`id_baiviet`),
  ADD KEY `fk_id_tintuc` (`id_tintuc`);

--
-- Indexes for table `danhmuc`
--
ALTER TABLE `danhmuc`
  ADD PRIMARY KEY (`id_danhmuc`);

--
-- Indexes for table `dathang`
--
ALTER TABLE `dathang`
  ADD PRIMARY KEY (`id`);

--
-- Indexes for table `dmbaiviet`
--
ALTER TABLE `dmbaiviet`
  ADD PRIMARY KEY (`id_tintuc`);

--
-- Indexes for table `lsmuahang`
--
ALTER TABLE `lsmuahang`
  ADD PRIMARY KEY (`madonhang`),
  ADD KEY `fk_id_user` (`id_user`);

--
-- Indexes for table `member`
--
ALTER TABLE `member`
  ADD PRIMARY KEY (`id`);

--
-- Indexes for table `sanpham`
--
ALTER TABLE `sanpham`
  ADD PRIMARY KEY (`id_sanpham`),
  ADD KEY `id_danhmuc` (`id_danhmuc`);

--
-- Indexes for table `tb_khuyenmai`
--
ALTER TABLE `tb_khuyenmai`
  ADD PRIMARY KEY (`id_khuyenmai`),
  ADD KEY `fk_id_danhmuc` (`id_danhmuc`);

--
-- AUTO_INCREMENT for dumped tables
--

--
-- AUTO_INCREMENT for table `admin`
--
ALTER TABLE `admin`
  MODIFY `id_admin` int(11) NOT NULL AUTO_INCREMENT;

--
-- AUTO_INCREMENT for table `baiviet`
--
ALTER TABLE `baiviet`
  MODIFY `id_baiviet` int(11) NOT NULL AUTO_INCREMENT, AUTO_INCREMENT=26;

--
-- AUTO_INCREMENT for table `danhmuc`
--
ALTER TABLE `danhmuc`
  MODIFY `id_danhmuc` int(11) NOT NULL AUTO_INCREMENT, AUTO_INCREMENT=8;

--
-- AUTO_INCREMENT for table `dathang`
--
ALTER TABLE `dathang`
  MODIFY `id` int(4) NOT NULL AUTO_INCREMENT, AUTO_INCREMENT=12;

--
-- AUTO_INCREMENT for table `dmbaiviet`
--
ALTER TABLE `dmbaiviet`
  MODIFY `id_tintuc` int(11) NOT NULL AUTO_INCREMENT, AUTO_INCREMENT=4;

--
-- AUTO_INCREMENT for table `lsmuahang`
--
ALTER TABLE `lsmuahang`
  MODIFY `madonhang` int(11) NOT NULL AUTO_INCREMENT, AUTO_INCREMENT=6;

--
-- AUTO_INCREMENT for table `member`
--
ALTER TABLE `member`
  MODIFY `id` int(4) NOT NULL AUTO_INCREMENT, AUTO_INCREMENT=53;

--
-- AUTO_INCREMENT for table `sanpham`
--
ALTER TABLE `sanpham`
  MODIFY `id_sanpham` int(11) NOT NULL AUTO_INCREMENT, AUTO_INCREMENT=130;

--
-- AUTO_INCREMENT for table `tb_khuyenmai`
--
ALTER TABLE `tb_khuyenmai`
  MODIFY `id_khuyenmai` int(11) NOT NULL AUTO_INCREMENT, AUTO_INCREMENT=10;

--
-- Constraints for dumped tables
--

--
-- Constraints for table `sanpham`
--
ALTER TABLE `sanpham`
  ADD CONSTRAINT `sanpham_ibfk_1` FOREIGN KEY (`id_danhmuc`) REFERENCES `danhmuc` (`id_danhmuc`);

--
-- Constraints for table `tb_khuyenmai`
--
ALTER TABLE `tb_khuyenmai`
  ADD CONSTRAINT `fk_id_danhmuc` FOREIGN KEY (`id_danhmuc`) REFERENCES `sanpham` (`id_danhmuc`);
COMMIT;

/*!40101 SET CHARACTER_SET_CLIENT=@OLD_CHARACTER_SET_CLIENT */;
/*!40101 SET CHARACTER_SET_RESULTS=@OLD_CHARACTER_SET_RESULTS */;
/*!40101 SET COLLATION_CONNECTION=@OLD_COLLATION_CONNECTION */;
